mode,date,traffic_input,pickup_input,dropoff_input,traffic_output,pickup_output,dropoff_output,traffic_error,pickup_error,dropoff_error,canceled_rides,pickup_scaled_error,dropoff_scaled_error,geh_traffic,geh_pickup,geh_dropoff
multi_agent_1,21062308_21062309,10551.0,9660.0,9662.0,10266.0,9635.0,9636.0,2.7,0.26,0.27,0.0,0.26,0.27,2.79,0.25,0.26
multi_agent_1,21062308_21062311,37630.0,25666.0,25701.0,37161.0,25610.0,25614.0,1.25,0.22,0.34,0.0,0.22,0.34,1.4,0.2,0.31
multi_agent_1,21062308_21062314,75632.0,45475.0,45522.0,74280.0,45330.0,45347.0,1.79,0.32,0.38,0.0,0.32,0.38,2.02,0.28,0.34
multi_agent_1,21062308_21062320,159733.0,109363.0,109427.0,150448.0,109098.0,109122.0,5.81,0.24,0.28,0.0,0.24,0.28,6.81,0.23,0.27
multi_agent_1,21062320_21062321,15804.0,12084.0,12094.0,15478.0,12072.0,12074.0,2.06,0.1,0.17,0.0,0.1,0.17,2.61,0.11,0.18
multi_agent_1,21062320_21062323,36258.0,33562.0,33594.0,35245.0,33498.0,33504.0,2.79,0.19,0.27,0.0,0.19,0.27,3.09,0.2,0.28
multi_agent_1,21062320_21062402,53092.0,49972.0,50046.0,50706.0,49954.0,49968.0,4.49,0.04,0.16,0.0,0.04,0.16,4.28,0.03,0.14
multi_agent_1,21062320_21062408,151083.0,67114.0,67218.0,122082.0,67062.0,67069.0,19.2,0.08,0.22,0.0,0.08,0.22,22.65,0.06,0.17
multi_agent_1,21062508_21062509,10953.0,9714.0,9695.0,10778.0,9664.0,9667.0,1.6,0.51,0.29,0.0,0.51,0.29,1.68,0.51,0.28
multi_agent_1,21062508_21062511,41406.0,27096.0,27078.0,40726.0,26958.0,26971.0,1.64,0.51,0.4,0.0,0.51,0.4,1.94,0.48,0.38
multi_agent_1,21062508_21062514,86371.0,48296.0,48277.0,84768.0,48112.0,48126.0,1.86,0.38,0.31,0.0,0.38,0.31,2.24,0.34,0.28
multi_agent_1,21062508_21062520,181921.0,119378.0,119359.0,177938.0,118963.0,118989.0,2.19,0.35,0.31,0.0,0.35,0.31,2.71,0.35,0.31
multi_agent_1,21062520_21062521,12622.0,15829.0,15835.0,12279.0,15789.0,15789.0,2.72,0.25,0.29,0.0,0.25,0.29,3.07,0.32,0.37
multi_agent_1,21062520_21062523,30039.0,45341.0,45322.0,29319.0,45188.0,45193.0,2.4,0.34,0.28,0.0,0.34,0.28,2.41,0.42,0.35
multi_agent_1,21062520_21062602,45968.0,84455.0,84454.0,43490.0,84079.0,84095.0,5.39,0.45,0.43,0.0,0.45,0.43,4.78,0.53,0.5
multi_agent_1,21062520_21062608,134741.0,99868.0,99848.0,125683.0,99599.0,99612.0,6.72,0.27,0.24,0.0,0.27,0.24,7.25,0.25,0.22
multi_agent_1,21062708_21062709,33057.0,3423.0,3429.0,32535.0,3422.0,3422.0,1.58,0.03,0.2,1.0,0.0,0.17,2.88,0.0,0.1
multi_agent_1,21062708_21062711,108240.0,14758.0,14786.0,106431.0,14745.0,14750.0,1.67,0.09,0.24,1.0,0.08,0.24,3.19,0.06,0.17
multi_agent_1,21062708_21062714,229888.0,37323.0,37366.0,225412.0,37265.0,37275.0,1.95,0.16,0.24,2.0,0.15,0.24,3.83,0.12,0.19
multi_agent_1,21062708_21062720,438151.0,90065.0,90123.0,429182.0,89873.0,89898.0,2.05,0.21,0.25,3.0,0.21,0.25,3.93,0.18,0.21
multi_agent_1,21062720_21062721,24371.0,7631.0,7624.0,23934.0,7603.0,7604.0,1.79,0.37,0.26,0.0,0.37,0.26,2.81,0.32,0.23
multi_agent_1,21062720_21062723,62088.0,20676.0,20671.0,60573.0,20618.0,20621.0,2.44,0.28,0.24,0.0,0.28,0.24,3.53,0.23,0.2
multi_agent_1,21062720_21062802,82424.0,27909.0,27912.0,79246.0,27860.0,27863.0,3.86,0.18,0.18,0.0,0.18,0.18,4.56,0.12,0.12
multi_agent_1,21062720_21062808,230410.0,41386.0,41344.0,209016.0,41240.0,41252.0,9.29,0.35,0.22,0.0,0.35,0.22,13.18,0.21,0.13
multi_agent_1,21100608_21100609,53856.0,9660.0,9662.0,53135.0,9637.0,9640.0,1.34,0.24,0.23,0.0,0.24,0.23,3.12,0.23,0.22
multi_agent_1,21100608_21100611,169759.0,25666.0,25701.0,166400.0,25481.0,25487.0,1.98,0.72,0.83,0.0,0.72,0.83,4.73,0.67,0.77
multi_agent_1,21100608_21100614,342625.0,45475.0,45522.0,334868.0,45225.0,45235.0,2.26,0.55,0.63,0.0,0.55,0.63,5.44,0.48,0.55
multi_agent_1,21100608_21100620,671556.0,109363.0,109427.0,655882.0,109045.0,109080.0,2.33,0.29,0.32,0.0,0.29,0.32,5.55,0.28,0.3
multi_agent_1,21100620_21100621,37011.0,12084.0,12094.0,36341.0,12067.0,12070.0,1.81,0.14,0.2,0.0,0.14,0.2,3.5,0.15,0.22
multi_agent_1,21100620_21100623,97628.0,33562.0,33594.0,95429.0,33512.0,33518.0,2.25,0.15,0.23,0.0,0.15,0.23,4.09,0.16,0.24
multi_agent_1,21100620_21100702,150054.0,49972.0,50046.0,142019.0,49933.0,49944.0,5.35,0.08,0.2,0.0,0.08,0.2,8.58,0.07,0.19
multi_agent_1,21100620_21100708,322938.0,67114.0,67218.0,293045.0,67021.0,67034.0,9.26,0.14,0.27,0.0,0.14,0.27,15.55,0.1,0.21
multi_agent_1,21100808_21100809,52266.0,9714.0,9695.0,51661.0,9676.0,9677.0,1.16,0.39,0.19,0.0,0.39,0.19,2.65,0.39,0.18
multi_agent_1,21100808_21100811,169061.0,27096.0,27078.0,163911.0,26873.0,26885.0,3.05,0.82,0.71,0.0,0.82,0.71,7.29,0.78,0.68
multi_agent_1,21100808_21100814,340681.0,48296.0,48277.0,324400.0,47880.0,47888.0,4.78,0.86,0.81,0.0,0.86,0.81,11.53,0.77,0.72
multi_agent_1,21100808_21100820,691480.0,119378.0,119359.0,664407.0,118615.0,118647.0,3.92,0.64,0.6,0.0,0.64,0.6,9.49,0.64,0.6
multi_agent_1,21100820_21100821,39252.0,15829.0,15835.0,38619.0,15775.0,15779.0,1.61,0.34,0.35,0.0,0.34,0.35,3.21,0.43,0.45
multi_agent_1,21100820_21100823,113608.0,45341.0,45322.0,110867.0,44904.0,44911.0,2.41,0.96,0.91,0.0,0.96,0.91,4.72,1.19,1.12
multi_agent_1,21100820_21100902,164152.0,84455.0,84454.0,157210.0,84130.0,84150.0,4.23,0.38,0.36,0.0,0.38,0.36,7.07,0.46,0.43
multi_agent_1,21100820_21100908,283901.0,99868.0,99848.0,258363.0,99570.0,99591.0,9.0,0.3,0.26,0.0,0.3,0.26,14.16,0.27,0.23
multi_agent_1,21101008_21101009,34306.0,3423.0,3429.0,33496.0,3412.0,3412.0,2.36,0.32,0.5,3.0,0.23,0.41,4.4,0.14,0.24
multi_agent_1,21101008_21101011,114843.0,14758.0,14786.0,112262.0,14749.0,14750.0,2.25,0.06,0.24,3.0,0.04,0.22,4.42,0.03,0.16
multi_agent_1,21101008_21101014,238728.0,37323.0,37366.0,234171.0,37273.0,37284.0,1.91,0.13,0.22,1.0,0.13,0.22,3.83,0.1,0.17
multi_agent_1,21101008_21101020,487096.0,90065.0,90123.0,475827.0,89796.0,89814.0,2.31,0.3,0.34,26.0,0.27,0.31,4.69,0.23,0.27
multi_agent_1,21101020_21101021,30505.0,7631.0,7624.0,29854.0,7597.0,7598.0,2.13,0.45,0.34,0.0,0.45,0.34,3.75,0.39,0.3
multi_agent_1,21101020_21101023,81372.0,20676.0,20671.0,79422.0,20621.0,20627.0,2.4,0.27,0.21,0.0,0.27,0.21,3.97,0.22,0.18
multi_agent_1,21101020_21101102,114096.0,27909.0,27912.0,109981.0,27847.0,27850.0,3.61,0.22,0.22,0.0,0.22,0.22,5.02,0.15,0.15
multi_agent_1,21101020_21101108,282048.0,41386.0,41344.0,256544.0,41237.0,41241.0,9.04,0.36,0.25,0.0,0.36,0.25,14.19,0.21,0.15
multi_agent_1,21111008_21111009,48821.0,9660.0,9662.0,48151.0,9639.0,9642.0,1.37,0.22,0.21,0.0,0.22,0.21,3.04,0.21,0.2
multi_agent_1,21111008_21111011,157293.0,25666.0,25701.0,155513.0,25607.0,25616.0,1.13,0.23,0.33,0.0,0.23,0.33,2.6,0.21,0.31
multi_agent_1,21111008_21111014,322240.0,45475.0,45522.0,318006.0,45379.0,45392.0,1.31,0.21,0.29,0.0,0.21,0.29,3.06,0.18,0.25
multi_agent_1,21111008_21111020,655717.0,109363.0,109427.0,643314.0,108959.0,108993.0,1.89,0.37,0.4,0.0,0.37,0.4,4.44,0.35,0.38
multi_agent_1,21111020_21111021,37051.0,12084.0,12094.0,36452.0,12068.0,12071.0,1.62,0.13,0.19,0.0,0.13,0.19,3.12,0.15,0.21
multi_agent_1,21111020_21111023,109338.0,33562.0,33594.0,107912.0,33501.0,33506.0,1.3,0.18,0.26,0.0,0.18,0.26,2.5,0.19,0.28
multi_agent_1,21111020_21111102,166038.0,49972.0,50046.0,158319.0,49912.0,49917.0,4.65,0.12,0.26,0.0,0.12,0.26,7.83,0.11,0.24
multi_agent_1,21111020_21111108,166038.0,67114.0,67218.0,161541.0,67039.0,67056.0,2.71,0.11,0.24,0.0,0.11,0.24,3.21,0.08,0.18
multi_agent_1,21111208_21111209,52055.0,9714.0,9695.0,51332.0,9658.0,9664.0,1.39,0.58,0.32,0.0,0.58,0.32,3.18,0.57,0.32
multi_agent_1,21111208_21111211,160492.0,27096.0,27078.0,158216.0,26973.0,26981.0,1.42,0.45,0.36,0.0,0.45,0.36,3.29,0.43,0.34
multi_agent_1,21111208_21111214,319101.0,48296.0,48277.0,312728.0,47907.0,47916.0,2.0,0.81,0.75,0.0,0.81,0.75,4.63,0.72,0.67
multi_agent_1,21111208_21111220,650083.0,119378.0,119359.0,636164.0,118713.0,118738.0,2.14,0.56,0.52,0.0,0.56,0.52,5.01,0.56,0.52
multi_agent_1,21111220_21111221,35729.0,15829.0,15835.0,35117.0,15790.0,15795.0,1.71,0.25,0.25,0.0,0.25,0.25,3.25,0.31,0.32
multi_agent_1,21111220_21111223,106719.0,45341.0,45322.0,104321.0,45186.0,45195.0,2.25,0.34,0.28,0.0,0.34,0.28,4.26,0.42,0.34
multi_agent_1,21111220_21111302,160255.0,84455.0,84454.0,150095.0,84239.0,84246.0,6.34,0.26,0.25,0.0,0.26,0.25,10.53,0.3,0.29
multi_agent_1,21111220_21111308,296481.0,99868.0,99848.0,255671.0,99552.0,99563.0,13.76,0.32,0.29,0.0,0.32,0.29,22.42,0.29,0.26
multi_agent_1,21111408_21111409,33793.0,3423.0,3429.0,33321.0,3423.0,3423.0,1.4,0.0,0.17,0.0,0.0,0.17,2.58,0.0,0.1
multi_agent_1,21111408_21111411,118019.0,14758.0,14786.0,115694.0,14744.0,14747.0,1.97,0.09,0.26,1.0,0.09,0.26,3.93,0.06,0.18
multi_agent_1,21111408_21111414,243792.0,37323.0,37366.0,238828.0,37271.0,37279.0,2.04,0.14,0.23,8.0,0.12,0.21,4.13,0.09,0.17
multi_agent_1,21111408_21111420,494177.0,90065.0,90123.0,485426.0,89890.0,89899.0,1.77,0.19,0.25,2.0,0.19,0.25,3.61,0.17,0.21
multi_agent_1,21111420_21111421,31007.0,7631.0,7624.0,30430.0,7601.0,7604.0,1.86,0.39,0.26,0.0,0.39,0.26,3.29,0.34,0.23
multi_agent_1,21111420_21111423,82835.0,20676.0,20671.0,80951.0,20617.0,20617.0,2.27,0.29,0.26,0.0,0.29,0.26,3.8,0.24,0.22
multi_agent_1,21111420_21111502,120171.0,27909.0,27912.0,116175.0,27846.0,27851.0,3.33,0.23,0.22,0.0,0.23,0.22,4.75,0.15,0.15
multi_agent_1,21111420_21111508,284585.0,41386.0,41344.0,258564.0,41271.0,41274.0,9.14,0.28,0.17,0.0,0.28,0.17,14.41,0.16,0.1
multi_agent_2,21062308_21062309,10551.0,9660.0,9662.0,10542.0,9656.0,9660.0,0.09,0.04,0.02,0.0,0.04,0.02,0.09,0.04,0.02
multi_agent_2,21062308_21062311,37630.0,25666.0,25701.0,37696.0,25604.0,25612.0,0.18,0.24,0.35,0.0,0.24,0.35,0.2,0.22,0.32
multi_agent_2,21062308_21062314,75632.0,45475.0,45522.0,75662.0,45427.0,45439.0,0.04,0.11,0.18,0.0,0.11,0.18,0.04,0.09,0.16
multi_agent_2,21062308_21062320,159733.0,109363.0,109427.0,158730.0,109299.0,109327.0,0.63,0.06,0.09,0.0,0.06,0.09,0.73,0.06,0.09
multi_agent_2,21062320_21062321,15804.0,12084.0,12094.0,15719.0,12082.0,12084.0,0.54,0.02,0.08,0.0,0.02,0.08,0.68,0.02,0.09
multi_agent_2,21062320_21062323,36258.0,33562.0,33594.0,36267.0,33549.0,33558.0,0.02,0.04,0.11,0.0,0.04,0.11,0.03,0.04,0.11
multi_agent_2,21062320_21062402,53092.0,49972.0,50046.0,53112.0,49961.0,49972.0,0.04,0.02,0.15,0.0,0.02,0.15,0.04,0.02,0.14
multi_agent_2,21062320_21062408,151083.0,67114.0,67218.0,129643.0,67086.0,67097.0,14.19,0.04,0.18,0.0,0.04,0.18,16.52,0.03,0.13
multi_agent_2,21062508_21062509,10953.0,9714.0,9695.0,10896.0,9714.0,9714.0,0.52,0.0,0.2,0.0,0.0,0.2,0.55,0.0,0.19
multi_agent_2,21062508_21062511,41406.0,27096.0,27078.0,41446.0,27056.0,27064.0,0.1,0.15,0.05,0.0,0.15,0.05,0.11,0.14,0.05
multi_agent_2,21062508_21062514,86371.0,48296.0,48277.0,86146.0,48217.0,48233.0,0.26,0.16,0.09,0.0,0.16,0.09,0.31,0.15,0.08
multi_agent_2,21062508_21062520,181921.0,119378.0,119359.0,181603.0,118980.0,118998.0,0.17,0.33,0.3,0.0,0.33,0.3,0.22,0.33,0.3
multi_agent_2,21062520_21062521,12622.0,15829.0,15835.0,12489.0,15825.0,15828.0,1.05,0.03,0.04,0.0,0.03,0.04,1.19,0.03,0.06
multi_agent_2,21062520_21062523,30039.0,45341.0,45322.0,30101.0,45321.0,45336.0,0.21,0.04,0.03,0.0,0.04,0.03,0.21,0.05,0.04
multi_agent_2,21062520_21062602,45968.0,84455.0,84454.0,45680.0,84416.0,84432.0,0.63,0.05,0.03,0.0,0.05,0.03,0.55,0.05,0.03
multi_agent_2,21062520_21062608,134741.0,99868.0,99848.0,128545.0,99840.0,99862.0,4.6,0.03,0.01,0.0,0.03,0.01,4.93,0.03,0.01
multi_agent_2,21062708_21062709,33057.0,3423.0,3429.0,32938.0,3421.0,3421.0,0.36,0.06,0.23,0.0,0.06,0.23,0.66,0.03,0.14
multi_agent_2,21062708_21062711,108240.0,14758.0,14786.0,107714.0,14755.0,14756.0,0.49,0.02,0.2,0.0,0.02,0.2,0.92,0.01,0.14
multi_agent_2,21062708_21062714,229888.0,37323.0,37366.0,229905.0,37296.0,37302.0,0.01,0.07,0.17,1.0,0.07,0.17,0.01,0.05,0.13
multi_agent_2,21062708_21062720,438151.0,90065.0,90123.0,438257.0,90024.0,90036.0,0.02,0.05,0.1,1.0,0.04,0.1,0.05,0.04,0.08
multi_agent_2,21062720_21062721,24371.0,7631.0,7624.0,24402.0,7630.0,7631.0,0.13,0.01,0.09,0.0,0.01,0.09,0.2,0.01,0.08
multi_agent_2,21062720_21062723,62088.0,20676.0,20671.0,62192.0,20670.0,20675.0,0.17,0.03,0.02,0.0,0.03,0.02,0.24,0.02,0.02
multi_agent_2,21062720_21062802,82424.0,27909.0,27912.0,80237.0,27898.0,27904.0,2.65,0.04,0.03,0.0,0.04,0.03,3.13,0.03,0.02
multi_agent_2,21062720_21062808,230410.0,41386.0,41344.0,210673.0,41376.0,41385.0,8.57,0.02,0.1,0.0,0.02,0.1,12.13,0.01,0.06
multi_agent_2,21100608_21100609,53856.0,9660.0,9662.0,53691.0,9659.0,9660.0,0.31,0.01,0.02,0.0,0.01,0.02,0.71,0.01,0.02
multi_agent_2,21100608_21100611,169759.0,25666.0,25701.0,169103.0,25618.0,25634.0,0.39,0.19,0.26,0.0,0.19,0.26,0.92,0.17,0.24
multi_agent_2,21100608_21100614,342625.0,45475.0,45522.0,341320.0,45272.0,45292.0,0.38,0.45,0.51,0.0,0.45,0.51,0.91,0.39,0.44
multi_agent_2,21100608_21100620,671556.0,109363.0,109427.0,663893.0,109126.0,109151.0,1.14,0.22,0.25,0.0,0.22,0.25,2.71,0.21,0.24
multi_agent_2,21100620_21100621,37011.0,12084.0,12094.0,36821.0,12082.0,12083.0,0.51,0.02,0.09,0.0,0.02,0.09,0.99,0.02,0.1
multi_agent_2,21100620_21100623,97628.0,33562.0,33594.0,97530.0,33554.0,33559.0,0.1,0.02,0.1,0.0,0.02,0.1,0.18,0.03,0.11
multi_agent_2,21100620_21100702,150054.0,49972.0,50046.0,143848.0,49934.0,49948.0,4.14,0.08,0.2,0.0,0.08,0.2,6.61,0.07,0.18
multi_agent_2,21100620_21100708,322938.0,67114.0,67218.0,296079.0,67039.0,67052.0,8.32,0.11,0.25,0.0,0.11,0.25,13.94,0.08,0.18
multi_agent_2,21100808_21100809,52266.0,9714.0,9695.0,52157.0,9693.0,9695.0,0.21,0.22,0.0,0.0,0.22,0.0,0.48,0.21,0.0
multi_agent_2,21100808_21100811,169061.0,27096.0,27078.0,167465.0,26947.0,26952.0,0.94,0.55,0.47,0.0,0.55,0.47,2.25,0.52,0.44
multi_agent_2,21100808_21100814,340681.0,48296.0,48277.0,333075.0,48028.0,48048.0,2.23,0.55,0.47,0.0,0.55,0.47,5.35,0.5,0.43
multi_agent_2,21100808_21100820,691480.0,119378.0,119359.0,673450.0,118856.0,118888.0,2.61,0.44,0.39,0.0,0.44,0.39,6.3,0.44,0.39
multi_agent_2,21100820_21100821,39252.0,15829.0,15835.0,38982.0,15821.0,15827.0,0.69,0.05,0.05,0.0,0.05,0.05,1.37,0.06,0.06
multi_agent_2,21100820_21100823,113608.0,45341.0,45322.0,111205.0,44970.0,44977.0,2.12,0.82,0.76,0.0,0.82,0.76,4.14,1.01,0.94
multi_agent_2,21100820_21100902,164152.0,84455.0,84454.0,158902.0,84321.0,84335.0,3.2,0.16,0.14,0.0,0.16,0.14,5.33,0.19,0.17
multi_agent_2,21100820_21100908,283901.0,99868.0,99848.0,260670.0,99821.0,99844.0,8.18,0.05,0.0,0.0,0.05,0.0,12.85,0.04,0.0
multi_agent_2,21101008_21101009,34306.0,3423.0,3429.0,34207.0,3419.0,3420.0,0.29,0.12,0.26,3.0,0.03,0.17,0.53,0.02,0.1
multi_agent_2,21101008_21101011,114843.0,14758.0,14786.0,114907.0,14749.0,14756.0,0.06,0.06,0.2,0.0,0.06,0.2,0.11,0.04,0.14
multi_agent_2,21101008_21101014,238728.0,37323.0,37366.0,238457.0,37308.0,37316.0,0.11,0.04,0.13,4.0,0.03,0.12,0.23,0.02,0.1
multi_agent_2,21101008_21101020,487096.0,90065.0,90123.0,486608.0,90031.0,90055.0,0.1,0.04,0.08,0.0,0.04,0.08,0.2,0.03,0.07
multi_agent_2,21101020_21101021,30505.0,7631.0,7624.0,30608.0,7629.0,7629.0,0.34,0.03,0.07,0.0,0.03,0.07,0.59,0.02,0.06
multi_agent_2,21101020_21101023,81372.0,20676.0,20671.0,81406.0,20670.0,20675.0,0.04,0.03,0.02,0.0,0.03,0.02,0.07,0.02,0.02
multi_agent_2,21101020_21101102,114096.0,27909.0,27912.0,112504.0,27897.0,27904.0,1.4,0.04,0.03,0.0,0.04,0.03,1.93,0.03,0.02
multi_agent_2,21101020_21101108,282048.0,41386.0,41344.0,259411.0,41382.0,41386.0,8.03,0.01,0.1,0.0,0.01,0.1,12.56,0.01,0.06
multi_agent_2,21111008_21111009,48821.0,9660.0,9662.0,48865.0,9659.0,9660.0,0.09,0.01,0.02,0.0,0.01,0.02,0.2,0.01,0.02
multi_agent_2,21111008_21111011,157293.0,25666.0,25701.0,156579.0,25627.0,25639.0,0.45,0.15,0.24,0.0,0.15,0.24,1.04,0.14,0.22
multi_agent_2,21111008_21111014,322240.0,45475.0,45522.0,321070.0,45326.0,45338.0,0.36,0.33,0.4,0.0,0.33,0.4,0.84,0.29,0.35
multi_agent_2,21111008_21111020,655717.0,109363.0,109427.0,651428.0,109033.0,109060.0,0.65,0.3,0.34,0.0,0.3,0.34,1.53,0.29,0.32
multi_agent_2,21111020_21111021,37051.0,12084.0,12094.0,37033.0,12083.0,12084.0,0.05,0.01,0.08,0.0,0.01,0.08,0.09,0.01,0.09
multi_agent_2,21111020_21111023,109338.0,33562.0,33594.0,108737.0,33560.0,33561.0,0.55,0.01,0.1,0.0,0.01,0.1,1.05,0.01,0.1
multi_agent_2,21111020_21111102,166038.0,49972.0,50046.0,160898.0,49953.0,49960.0,3.1,0.04,0.17,0.0,0.04,0.17,5.19,0.03,0.16
multi_agent_2,21111020_21111108,166038.0,67114.0,67218.0,165387.0,67100.0,67110.0,0.39,0.02,0.16,0.0,0.02,0.16,0.46,0.02,0.12
multi_agent_2,21111208_21111209,52055.0,9714.0,9695.0,51943.0,9708.0,9713.0,0.22,0.06,0.19,0.0,0.06,0.19,0.49,0.06,0.18
multi_agent_2,21111208_21111211,160492.0,27096.0,27078.0,159992.0,26945.0,26957.0,0.31,0.56,0.45,0.0,0.56,0.45,0.72,0.53,0.43
multi_agent_2,21111208_21111214,319101.0,48296.0,48277.0,317965.0,48097.0,48113.0,0.36,0.41,0.34,0.0,0.41,0.34,0.82,0.37,0.3
multi_agent_2,21111208_21111220,650083.0,119378.0,119359.0,643021.0,118867.0,118888.0,1.09,0.43,0.39,0.0,0.43,0.39,2.54,0.43,0.39
multi_agent_2,21111220_21111221,35729.0,15829.0,15835.0,35836.0,15821.0,15826.0,0.3,0.05,0.06,0.0,0.05,0.06,0.57,0.06,0.07
multi_agent_2,21111220_21111223,106719.0,45341.0,45322.0,106118.0,45311.0,45318.0,0.56,0.07,0.01,0.0,0.07,0.01,1.06,0.08,0.01
multi_agent_2,21111220_21111302,160255.0,84455.0,84454.0,152867.0,84377.0,84400.0,4.61,0.09,0.06,0.0,0.09,0.06,7.62,0.11,0.08
multi_agent_2,21111220_21111308,296481.0,99868.0,99848.0,258496.0,99830.0,99848.0,12.81,0.04,0.0,0.0,0.04,0.0,20.82,0.03,0.0
multi_agent_2,21111408_21111409,33793.0,3423.0,3429.0,33783.0,3422.0,3422.0,0.03,0.03,0.2,1.0,0.0,0.17,0.05,0.0,0.1
multi_agent_2,21111408_21111411,118019.0,14758.0,14786.0,117695.0,14744.0,14747.0,0.27,0.09,0.26,9.0,0.03,0.2,0.54,0.02,0.14
multi_agent_2,21111408_21111414,243792.0,37323.0,37366.0,243025.0,37298.0,37306.0,0.31,0.07,0.16,11.0,0.04,0.13,0.63,0.03,0.1
multi_agent_2,21111408_21111420,494177.0,90065.0,90123.0,493619.0,90010.0,90034.0,0.11,0.06,0.1,3.0,0.06,0.1,0.23,0.05,0.08
multi_agent_2,21111420_21111421,31007.0,7631.0,7624.0,31120.0,7628.0,7630.0,0.36,0.04,0.08,0.0,0.04,0.08,0.64,0.03,0.07
multi_agent_2,21111420_21111423,82835.0,20676.0,20671.0,82771.0,20665.0,20673.0,0.08,0.05,0.01,0.0,0.05,0.01,0.13,0.04,0.01
multi_agent_2,21111420_21111502,120171.0,27909.0,27912.0,117704.0,27900.0,27907.0,2.05,0.03,0.02,0.0,0.03,0.02,2.92,0.02,0.01
multi_agent_2,21111420_21111508,284585.0,41386.0,41344.0,262115.0,41366.0,41377.0,7.9,0.05,0.08,0.0,0.05,0.08,12.41,0.03,0.05
social_groups_1,21062308_21062309,10551.0,9660.0,9662.0,10588.0,7261.0,7262.0,0.35,24.83,24.84,2398.0,0.01,0.02,0.36,0.01,0.02
social_groups_1,21062308_21062311,37630.0,25666.0,25701.0,37650.0,21810.0,21814.0,0.05,15.02,15.12,3851.0,0.02,0.14,0.06,0.02,0.13
social_groups_1,21062308_21062314,75632.0,45475.0,45522.0,75711.0,40601.0,40609.0,0.1,10.72,10.79,4866.0,0.02,0.1,0.12,0.02,0.09
social_groups_1,21062308_21062320,159733.0,109363.0,109427.0,158983.0,101338.0,101357.0,0.47,7.34,7.37,7942.0,0.08,0.12,0.54,0.07,0.11
social_groups_1,21062320_21062321,15804.0,12084.0,12094.0,15812.0,9951.0,9954.0,0.05,17.65,17.69,2130.0,0.02,0.08,0.06,0.03,0.09
social_groups_1,21062320_21062323,36258.0,33562.0,33594.0,36444.0,29440.0,29445.0,0.51,12.28,12.35,4116.0,0.02,0.1,0.56,0.02,0.1
social_groups_1,21062320_21062402,53092.0,49972.0,50046.0,53083.0,44166.0,44172.0,0.02,11.62,11.74,5800.0,0.01,0.15,0.02,0.01,0.14
social_groups_1,21062320_21062408,151083.0,67114.0,67218.0,130208.0,58267.0,58276.0,13.82,13.18,13.3,8838.0,0.01,0.15,16.07,0.01,0.12
social_groups_1,21062508_21062509,10953.0,9714.0,9695.0,10959.0,7184.0,7186.0,0.05,26.04,25.88,2528.0,0.02,0.2,0.06,0.02,0.19
social_groups_1,21062508_21062511,41406.0,27096.0,27078.0,41618.0,23302.0,23305.0,0.51,14.0,13.93,3791.0,0.01,0.07,0.6,0.01,0.06
social_groups_1,21062508_21062514,86371.0,48296.0,48277.0,86287.0,43567.0,43577.0,0.1,9.79,9.74,4717.0,0.02,0.04,0.12,0.02,0.03
social_groups_1,21062508_21062520,181921.0,119378.0,119359.0,181173.0,110290.0,110308.0,0.41,7.61,7.58,9057.0,0.03,0.01,0.51,0.03,0.01
social_groups_1,21062520_21062521,12622.0,15829.0,15835.0,12626.0,12492.0,12494.0,0.03,21.08,21.1,3334.0,0.02,0.04,0.04,0.02,0.06
social_groups_1,21062520_21062523,30039.0,45341.0,45322.0,30021.0,40587.0,40596.0,0.06,10.48,10.43,4743.0,0.02,0.04,0.06,0.03,0.05
social_groups_1,21062520_21062602,45968.0,84455.0,84454.0,45550.0,76517.0,76519.0,0.91,9.4,9.4,7934.0,0.0,0.0,0.8,0.01,0.0
social_groups_1,21062520_21062608,134741.0,99868.0,99848.0,130260.0,89628.0,89645.0,3.33,10.25,10.22,10215.0,0.03,0.01,3.55,0.02,0.01
social_groups_1,21062708_21062709,33057.0,3423.0,3429.0,33142.0,2461.0,2463.0,0.26,28.1,28.17,960.0,0.06,0.17,0.47,0.03,0.1
social_groups_1,21062708_21062711,108240.0,14758.0,14786.0,108198.0,12169.0,12170.0,0.04,17.54,17.69,2579.0,0.07,0.25,0.07,0.05,0.18
social_groups_1,21062708_21062714,229888.0,37323.0,37366.0,229240.0,34318.0,34320.0,0.28,8.05,8.15,2990.0,0.04,0.15,0.55,0.03,0.12
social_groups_1,21062708_21062720,438151.0,90065.0,90123.0,438138.0,84678.0,84691.0,0.0,5.98,6.03,5355.0,0.04,0.09,0.01,0.03,0.07
social_groups_1,21062720_21062721,24371.0,7631.0,7624.0,24416.0,6152.0,6154.0,0.18,19.38,19.28,1477.0,0.03,0.09,0.29,0.02,0.08
social_groups_1,21062720_21062723,62088.0,20676.0,20671.0,62223.0,18380.0,18382.0,0.22,11.1,11.07,2293.0,0.01,0.02,0.31,0.01,0.02
social_groups_1,21062720_21062802,82424.0,27909.0,27912.0,81048.0,24728.0,24739.0,1.67,11.4,11.37,3170.0,0.04,0.01,1.96,0.03,0.01
social_groups_1,21062720_21062808,230410.0,41386.0,41344.0,211881.0,35570.0,35577.0,8.04,14.05,13.95,5808.0,0.02,0.1,11.37,0.01,0.06
social_groups_1,21100608_21100609,53856.0,9660.0,9662.0,53656.0,6831.0,6831.0,0.37,29.29,29.3,2829.0,0.0,0.02,0.86,0.0,0.02
social_groups_1,21100608_21100611,169759.0,25666.0,25701.0,169390.0,21590.0,21594.0,0.22,15.88,15.98,4046.0,0.12,0.24,0.52,0.11,0.22
social_groups_1,21100608_21100614,342625.0,45475.0,45522.0,342044.0,40021.0,40028.0,0.17,11.99,12.07,5310.0,0.32,0.4,0.41,0.28,0.35
social_groups_1,21100608_21100620,671556.0,109363.0,109427.0,665896.0,100922.0,100944.0,0.84,7.72,7.75,8394.0,0.04,0.08,2.0,0.04,0.08
social_groups_1,21100620_21100621,37011.0,12084.0,12094.0,36922.0,9513.0,9514.0,0.24,21.28,21.33,2570.0,0.01,0.08,0.46,0.01,0.09
social_groups_1,21100620_21100623,97628.0,33562.0,33594.0,97474.0,29831.0,29836.0,0.16,11.12,11.19,3726.0,0.01,0.1,0.28,0.02,0.1
social_groups_1,21100620_21100702,150054.0,49972.0,50046.0,144178.0,44521.0,44524.0,3.92,10.91,11.03,5447.0,0.01,0.15,6.25,0.01,0.14
social_groups_1,21100620_21100708,322938.0,67114.0,67218.0,297941.0,57978.0,57986.0,7.74,13.61,13.73,9094.0,0.06,0.21,12.95,0.05,0.15
social_groups_1,21100808_21100809,52266.0,9714.0,9695.0,51973.0,6938.0,6940.0,0.56,28.58,28.42,2754.0,0.23,0.01,1.28,0.22,0.01
social_groups_1,21100808_21100811,169061.0,27096.0,27078.0,168208.0,22760.0,22764.0,0.5,16.0,15.93,4188.0,0.55,0.47,1.2,0.52,0.44
social_groups_1,21100808_21100814,340681.0,48296.0,48277.0,333892.0,42965.0,42975.0,1.99,11.04,10.98,5289.0,0.09,0.03,4.77,0.08,0.02
social_groups_1,21100808_21100820,691480.0,119378.0,119359.0,674392.0,107518.0,107545.0,2.47,9.93,9.9,11477.0,0.32,0.28,5.97,0.32,0.28
social_groups_1,21100820_21100821,39252.0,15829.0,15835.0,38958.0,12160.0,12165.0,0.75,23.18,23.18,3661.0,0.05,0.06,1.49,0.06,0.07
social_groups_1,21100820_21100823,113608.0,45341.0,45322.0,112082.0,40216.0,40229.0,1.34,11.3,11.24,5076.0,0.11,0.04,2.62,0.13,0.05
social_groups_1,21100820_21100902,164152.0,84455.0,84454.0,159563.0,76327.0,76344.0,2.8,9.62,9.6,8088.0,0.05,0.03,4.66,0.06,0.03
social_groups_1,21100820_21100908,283901.0,99868.0,99848.0,263576.0,89233.0,89248.0,7.16,10.65,10.62,10578.0,0.06,0.02,11.21,0.05,0.02
social_groups_1,21101008_21101009,34306.0,3423.0,3429.0,34493.0,2291.0,2291.0,0.55,33.07,33.19,1130.0,0.06,0.23,1.01,0.03,0.14
social_groups_1,21101008_21101011,114843.0,14758.0,14786.0,114506.0,12227.0,12232.0,0.29,17.15,17.27,2525.0,0.04,0.2,0.57,0.03,0.14
social_groups_1,21101008_21101014,238728.0,37323.0,37366.0,238380.0,33936.0,33944.0,0.15,9.07,9.16,3369.0,0.05,0.14,0.29,0.04,0.11
social_groups_1,21101008_21101020,487096.0,90065.0,90123.0,487255.0,84192.0,84205.0,0.03,6.52,6.57,5847.0,0.03,0.08,0.07,0.03,0.07
social_groups_1,21101020_21101021,30505.0,7631.0,7624.0,30563.0,6102.0,6102.0,0.19,20.04,19.96,1526.0,0.04,0.05,0.33,0.03,0.05
social_groups_1,21101020_21101023,81372.0,20676.0,20671.0,81307.0,18366.0,18369.0,0.08,11.17,11.14,2305.0,0.02,0.01,0.13,0.02,0.01
social_groups_1,21101020_21101102,114096.0,27909.0,27912.0,112677.0,24851.0,24856.0,1.24,10.96,10.95,3051.0,0.03,0.02,1.72,0.02,0.01
social_groups_1,21101020_21101108,282048.0,41386.0,41344.0,260207.0,35219.0,35227.0,7.74,14.9,14.8,6154.0,0.03,0.09,12.11,0.02,0.05
social_groups_1,21111008_21111009,48821.0,9660.0,9662.0,48788.0,6950.0,6950.0,0.07,28.05,28.07,2709.0,0.01,0.03,0.15,0.01,0.03
social_groups_1,21111008_21111011,157293.0,25666.0,25701.0,157016.0,21590.0,21596.0,0.18,15.88,15.97,4068.0,0.03,0.14,0.4,0.03,0.13
social_groups_1,21111008_21111014,322240.0,45475.0,45522.0,322303.0,40431.0,40441.0,0.02,11.09,11.16,4988.0,0.12,0.2,0.05,0.11,0.18
social_groups_1,21111008_21111020,655717.0,109363.0,109427.0,654824.0,100166.0,100196.0,0.14,8.41,8.44,9145.0,0.05,0.08,0.32,0.05,0.08
social_groups_1,21111020_21111021,37051.0,12084.0,12094.0,37040.0,9476.0,9477.0,0.03,21.58,21.64,2607.0,0.01,0.08,0.06,0.01,0.09
social_groups_1,21111020_21111023,109338.0,33562.0,33594.0,108802.0,29764.0,29769.0,0.49,11.32,11.39,3791.0,0.02,0.1,0.94,0.02,0.11
social_groups_1,21111020_21111102,166038.0,49972.0,50046.0,161229.0,43809.0,43819.0,2.9,12.33,12.44,6142.0,0.04,0.17,4.85,0.04,0.16
social_groups_1,21111020_21111108,166038.0,67114.0,67218.0,165061.0,58452.0,58464.0,0.59,12.91,13.02,8648.0,0.02,0.16,0.69,0.02,0.12
social_groups_1,21111208_21111209,52055.0,9714.0,9695.0,52341.0,7176.0,7180.0,0.55,26.13,25.94,2534.0,0.04,0.2,1.25,0.04,0.19
social_groups_1,21111208_21111211,160492.0,27096.0,27078.0,160579.0,22881.0,22888.0,0.05,15.56,15.47,4187.0,0.1,0.01,0.13,0.1,0.01
social_groups_1,21111208_21111214,319101.0,48296.0,48277.0,318111.0,43058.0,43071.0,0.31,10.85,10.78,5076.0,0.34,0.27,0.72,0.3,0.24
social_groups_1,21111208_21111220,650083.0,119378.0,119359.0,645756.0,108981.0,109001.0,0.67,8.71,8.68,10206.0,0.16,0.13,1.55,0.16,0.13
social_groups_1,21111220_21111221,35729.0,15829.0,15835.0,35915.0,12151.0,12152.0,0.52,23.24,23.26,3671.0,0.04,0.08,0.98,0.06,0.1
social_groups_1,21111220_21111223,106719.0,45341.0,45322.0,105736.0,40297.0,40301.0,0.92,11.12,11.08,5027.0,0.04,0.01,1.74,0.05,0.02
social_groups_1,21111220_21111302,160255.0,84455.0,84454.0,153584.0,76440.0,76447.0,4.16,9.49,9.48,7993.0,0.03,0.02,6.88,0.03,0.02
social_groups_1,21111220_21111308,296481.0,99868.0,99848.0,261001.0,88982.0,88998.0,11.97,10.9,10.87,10853.0,0.03,0.0,19.4,0.03,0.0
social_groups_1,21111408_21111409,33793.0,3423.0,3429.0,33690.0,2333.0,2333.0,0.3,31.84,31.96,1090.0,0.0,0.17,0.56,0.0,0.1
social_groups_1,21111408_21111411,118019.0,14758.0,14786.0,117783.0,12359.0,12360.0,0.2,16.26,16.41,2396.0,0.02,0.2,0.4,0.01,0.14
social_groups_1,21111408_21111414,243792.0,37323.0,37366.0,243525.0,34020.0,34029.0,0.11,8.85,8.93,3290.0,0.03,0.13,0.22,0.03,0.1
social_groups_1,21111408_21111420,494177.0,90065.0,90123.0,493431.0,83979.0,83995.0,0.15,6.76,6.8,6055.0,0.03,0.08,0.31,0.03,0.07
social_groups_1,21111420_21111421,31007.0,7631.0,7624.0,31069.0,6004.0,6005.0,0.2,21.32,21.24,1626.0,0.01,0.09,0.35,0.01,0.08
social_groups_1,21111420_21111423,82835.0,20676.0,20671.0,82578.0,18423.0,18425.0,0.31,10.9,10.87,2247.0,0.03,0.0,0.52,0.02,0.0
social_groups_1,21111420_21111502,120171.0,27909.0,27912.0,118007.0,24809.0,24819.0,1.8,11.11,11.08,3088.0,0.04,0.02,2.56,0.03,0.01
social_groups_1,21111420_21111508,284585.0,41386.0,41344.0,262410.0,35545.0,35551.0,7.79,14.11,14.01,5829.0,0.03,0.09,12.24,0.02,0.05
social_groups_2,21062308_21062309,10551.0,9660.0,9662.0,10587.0,7165.0,7166.0,0.34,25.83,25.83,2493.0,0.02,0.03,0.35,0.02,0.03
social_groups_2,21062308_21062311,37630.0,25666.0,25701.0,37532.0,21999.0,22006.0,0.26,14.29,14.38,3660.0,0.03,0.14,0.29,0.03,0.13
social_groups_2,21062308_21062314,75632.0,45475.0,45522.0,75568.0,40579.0,40598.0,0.08,10.77,10.82,4873.0,0.05,0.11,0.1,0.04,0.1
social_groups_2,21062308_21062320,159733.0,109363.0,109427.0,159124.0,101659.0,101681.0,0.38,7.04,7.08,7681.0,0.02,0.06,0.44,0.02,0.06
social_groups_2,21062320_21062321,15804.0,12084.0,12094.0,15721.0,9808.0,9808.0,0.53,18.83,18.9,2276.0,0.0,0.08,0.66,0.0,0.09
social_groups_2,21062320_21062323,36258.0,33562.0,33594.0,36175.0,30003.0,30011.0,0.23,10.6,10.67,3551.0,0.02,0.1,0.25,0.03,0.1
social_groups_2,21062320_21062402,53092.0,49972.0,50046.0,53072.0,44146.0,44155.0,0.04,11.66,11.77,5817.0,0.02,0.15,0.04,0.02,0.14
social_groups_2,21062320_21062408,151083.0,67114.0,67218.0,130800.0,58742.0,58750.0,13.43,12.47,12.6,8364.0,0.01,0.15,15.6,0.01,0.12
social_groups_2,21062508_21062509,10953.0,9714.0,9695.0,10924.0,7370.0,7372.0,0.26,24.13,23.96,2341.0,0.03,0.19,0.28,0.03,0.18
social_groups_2,21062508_21062511,41406.0,27096.0,27078.0,41458.0,23375.0,23384.0,0.13,13.73,13.64,3712.0,0.03,0.07,0.15,0.03,0.06
social_groups_2,21062508_21062514,86371.0,48296.0,48277.0,86484.0,43665.0,43688.0,0.13,9.59,9.51,4607.0,0.05,0.04,0.16,0.04,0.03
social_groups_2,21062508_21062520,181921.0,119378.0,119359.0,181750.0,109784.0,109806.0,0.09,8.04,8.0,9568.0,0.02,0.01,0.12,0.02,0.01
social_groups_2,21062520_21062521,12622.0,15829.0,15835.0,12629.0,12704.0,12707.0,0.06,19.74,19.75,3121.0,0.03,0.04,0.06,0.03,0.06
social_groups_2,21062520_21062523,30039.0,45341.0,45322.0,30018.0,40576.0,40585.0,0.07,10.51,10.45,4752.0,0.03,0.03,0.07,0.04,0.04
social_groups_2,21062520_21062602,45968.0,84455.0,84454.0,45581.0,76569.0,76581.0,0.84,9.34,9.32,7872.0,0.02,0.0,0.74,0.02,0.0
social_groups_2,21062520_21062608,134741.0,99868.0,99848.0,130301.0,89693.0,89706.0,3.3,10.19,10.16,10158.0,0.02,0.02,3.52,0.02,0.01
social_groups_2,21062708_21062709,33057.0,3423.0,3429.0,32967.0,2337.0,2337.0,0.27,31.73,31.85,1085.0,0.03,0.2,0.5,0.02,0.12
social_groups_2,21062708_21062711,108240.0,14758.0,14786.0,108235.0,12423.0,12425.0,0.0,15.82,15.97,2332.0,0.02,0.2,0.01,0.01,0.14
social_groups_2,21062708_21062714,229888.0,37323.0,37366.0,230013.0,34098.0,34099.0,0.05,8.64,8.74,3207.0,0.05,0.16,0.11,0.04,0.13
social_groups_2,21062708_21062720,438151.0,90065.0,90123.0,437038.0,84627.0,84647.0,0.25,6.04,6.08,5401.0,0.04,0.08,0.49,0.04,0.07
social_groups_2,21062720_21062721,24371.0,7631.0,7624.0,24437.0,6371.0,6371.0,0.27,16.51,16.43,1260.0,0.0,0.09,0.42,0.0,0.08
social_groups_2,21062720_21062723,62088.0,20676.0,20671.0,62014.0,18569.0,18573.0,0.12,10.19,10.15,2103.0,0.02,0.02,0.17,0.02,0.02
social_groups_2,21062720_21062802,82424.0,27909.0,27912.0,80710.0,24786.0,24788.0,2.08,11.19,11.19,3121.0,0.01,0.01,2.45,0.0,0.01
social_groups_2,21062720_21062808,230410.0,41386.0,41344.0,211950.0,35108.0,35114.0,8.01,15.17,15.07,6270.0,0.02,0.1,11.33,0.01,0.06
social_groups_2,21100608_21100609,53856.0,9660.0,9662.0,53872.0,6925.0,6926.0,0.03,28.31,28.32,2732.0,0.03,0.04,0.07,0.03,0.04
social_groups_2,21100608_21100611,169759.0,25666.0,25701.0,169215.0,21338.0,21341.0,0.32,16.86,16.96,4254.0,0.29,0.41,0.76,0.27,0.38
social_groups_2,21100608_21100614,342625.0,45475.0,45522.0,341548.0,40441.0,40452.0,0.31,11.07,11.14,5014.0,0.04,0.12,0.75,0.04,0.11
social_groups_2,21100608_21100620,671556.0,109363.0,109427.0,666870.0,100466.0,100489.0,0.7,8.14,8.17,8646.0,0.23,0.27,1.65,0.22,0.25
social_groups_2,21100620_21100621,37011.0,12084.0,12094.0,36846.0,9437.0,9439.0,0.45,21.9,21.95,2645.0,0.02,0.08,0.86,0.02,0.09
social_groups_2,21100620_21100623,97628.0,33562.0,33594.0,97392.0,29329.0,29336.0,0.24,12.61,12.67,4223.0,0.03,0.1,0.44,0.03,0.11
social_groups_2,21100620_21100702,150054.0,49972.0,50046.0,144332.0,44084.0,44093.0,3.81,11.78,11.9,5879.0,0.02,0.15,6.09,0.02,0.14
social_groups_2,21100620_21100708,322938.0,67114.0,67218.0,299124.0,58180.0,58190.0,7.37,13.31,13.43,8915.0,0.03,0.17,12.33,0.02,0.13
social_groups_2,21100808_21100809,52266.0,9714.0,9695.0,52239.0,6854.0,6855.0,0.05,29.44,29.29,2854.0,0.06,0.14,0.12,0.06,0.14
social_groups_2,21100808_21100811,169061.0,27096.0,27078.0,168094.0,22981.0,22989.0,0.57,15.19,15.1,4065.0,0.18,0.09,1.36,0.18,0.08
social_groups_2,21100808_21100814,340681.0,48296.0,48277.0,333958.0,42908.0,42926.0,1.97,11.16,11.08,5299.0,0.18,0.11,4.73,0.17,0.1
social_groups_2,21100808_21100820,691480.0,119378.0,119359.0,676125.0,106883.0,106908.0,2.22,10.47,10.43,12394.0,0.08,0.05,5.36,0.08,0.05
social_groups_2,21100820_21100821,39252.0,15829.0,15835.0,39304.0,12036.0,12037.0,0.13,23.96,23.98,3791.0,0.01,0.04,0.26,0.02,0.06
social_groups_2,21100820_21100823,113608.0,45341.0,45322.0,111888.0,40203.0,40209.0,1.51,11.33,11.28,5128.0,0.02,0.03,2.96,0.03,0.04
social_groups_2,21100820_21100902,164152.0,84455.0,84454.0,159002.0,76125.0,76140.0,3.14,9.86,9.84,8306.0,0.03,0.01,5.23,0.03,0.01
social_groups_2,21100820_21100908,283901.0,99868.0,99848.0,263777.0,89056.0,89072.0,7.09,10.83,10.79,10775.0,0.04,0.0,11.1,0.03,0.0
social_groups_2,21101008_21101009,34306.0,3423.0,3429.0,34139.0,2437.0,2437.0,0.49,28.81,28.93,986.0,0.0,0.17,0.9,0.0,0.1
social_groups_2,21101008_21101011,114843.0,14758.0,14786.0,114967.0,12447.0,12447.0,0.11,15.66,15.82,2311.0,0.0,0.19,0.21,0.0,0.13
social_groups_2,21101008_21101014,238728.0,37323.0,37366.0,239110.0,34132.0,34138.0,0.16,8.55,8.64,3182.0,0.02,0.12,0.32,0.02,0.1
social_groups_2,21101008_21101020,487096.0,90065.0,90123.0,487375.0,84559.0,84583.0,0.06,6.11,6.15,5475.0,0.03,0.07,0.12,0.03,0.06
social_groups_2,21101020_21101021,30505.0,7631.0,7624.0,30381.0,6077.0,6079.0,0.41,20.36,20.26,1551.0,0.04,0.08,0.71,0.03,0.07
social_groups_2,21101020_21101023,81372.0,20676.0,20671.0,81439.0,18469.0,18473.0,0.08,10.67,10.63,2200.0,0.03,0.01,0.14,0.03,0.01
social_groups_2,21101020_21101102,114096.0,27909.0,27912.0,112765.0,24660.0,24666.0,1.17,11.64,11.63,3240.0,0.03,0.02,1.61,0.02,0.01
social_groups_2,21101020_21101108,282048.0,41386.0,41344.0,259704.0,35376.0,35381.0,7.92,14.52,14.42,6000.0,0.02,0.09,12.39,0.01,0.05
social_groups_2,21111008_21111009,48821.0,9660.0,9662.0,48493.0,7011.0,7012.0,0.67,27.42,27.43,2645.0,0.04,0.05,1.49,0.04,0.05
social_groups_2,21111008_21111011,157293.0,25666.0,25701.0,156857.0,21666.0,21669.0,0.28,15.58,15.69,3996.0,0.02,0.14,0.64,0.01,0.13
social_groups_2,21111008_21111014,322240.0,45475.0,45522.0,321597.0,40461.0,40469.0,0.2,11.03,11.1,4972.0,0.09,0.18,0.46,0.08,0.16
social_groups_2,21111008_21111020,655717.0,109363.0,109427.0,654032.0,100399.0,100417.0,0.26,8.2,8.23,8896.0,0.06,0.1,0.6,0.06,0.1
social_groups_2,21111020_21111021,37051.0,12084.0,12094.0,37056.0,9531.0,9531.0,0.01,21.13,21.19,2553.0,0.0,0.08,0.03,0.0,0.09
social_groups_2,21111020_21111023,109338.0,33562.0,33594.0,109313.0,29590.0,29593.0,0.02,11.83,11.91,3967.0,0.01,0.1,0.04,0.02,0.11
social_groups_2,21111020_21111102,166038.0,49972.0,50046.0,160977.0,44317.0,44327.0,3.05,11.32,11.43,5645.0,0.02,0.15,5.11,0.02,0.14
social_groups_2,21111020_21111108,166038.0,67114.0,67218.0,165363.0,58152.0,58167.0,0.41,13.35,13.47,8945.0,0.03,0.16,0.48,0.02,0.12
social_groups_2,21111208_21111209,52055.0,9714.0,9695.0,51844.0,6863.0,6867.0,0.41,29.35,29.17,2844.0,0.07,0.17,0.93,0.07,0.16
social_groups_2,21111208_21111211,160492.0,27096.0,27078.0,159871.0,22948.0,22960.0,0.39,15.31,15.21,4076.0,0.27,0.16,0.9,0.25,0.15
social_groups_2,21111208_21111214,319101.0,48296.0,48277.0,319284.0,42997.0,43003.0,0.06,10.97,10.92,5245.0,0.11,0.06,0.13,0.1,0.05
social_groups_2,21111208_21111220,650083.0,119378.0,119359.0,646649.0,108128.0,108160.0,0.53,9.42,9.38,11068.0,0.15,0.11,1.23,0.15,0.11
social_groups_2,21111220_21111221,35729.0,15829.0,15835.0,35620.0,12226.0,12229.0,0.31,22.76,22.77,3598.0,0.03,0.05,0.58,0.04,0.06
social_groups_2,21111220_21111223,106719.0,45341.0,45322.0,106070.0,40169.0,40176.0,0.61,11.41,11.35,5145.0,0.06,0.0,1.15,0.07,0.0
social_groups_2,21111220_21111302,160255.0,84455.0,84454.0,153266.0,76735.0,76753.0,4.36,9.14,9.12,7680.0,0.05,0.02,7.21,0.06,0.03
social_groups_2,21111220_21111308,296481.0,99868.0,99848.0,260538.0,88943.0,88972.0,12.12,10.94,10.89,10867.0,0.06,0.01,19.66,0.05,0.01
social_groups_2,21111408_21111409,33793.0,3423.0,3429.0,33671.0,2426.0,2426.0,0.36,29.13,29.25,997.0,0.0,0.17,0.66,0.0,0.1
social_groups_2,21111408_21111411,118019.0,14758.0,14786.0,117919.0,12461.0,12462.0,0.08,15.56,15.72,2295.0,0.01,0.2,0.17,0.01,0.14
social_groups_2,21111408_21111414,243792.0,37323.0,37366.0,243488.0,33994.0,34001.0,0.12,8.92,9.01,3311.0,0.05,0.14,0.25,0.04,0.11
social_groups_2,21111408_21111420,494177.0,90065.0,90123.0,493519.0,84624.0,84646.0,0.13,6.04,6.08,5391.0,0.06,0.1,0.27,0.05,0.08
social_groups_2,21111420_21111421,31007.0,7631.0,7624.0,31062.0,6176.0,6177.0,0.18,19.07,18.98,1454.0,0.01,0.09,0.31,0.01,0.08
social_groups_2,21111420_21111423,82835.0,20676.0,20671.0,82759.0,18438.0,18446.0,0.09,10.82,10.76,2229.0,0.04,0.02,0.15,0.04,0.02
social_groups_2,21111420_21111502,120171.0,27909.0,27912.0,117829.0,24806.0,24809.0,1.95,11.12,11.12,3099.0,0.01,0.01,2.77,0.01,0.01
social_groups_2,21111420_21111508,284585.0,41386.0,41344.0,262976.0,35755.0,35759.0,7.59,13.61,13.51,5620.0,0.03,0.08,11.92,0.02,0.05
social_groups_3,21062308_21062309,10551.0,9660.0,9662.0,10525.0,7194.0,7195.0,0.25,25.53,25.53,2464.0,0.02,0.03,0.25,0.02,0.03
social_groups_3,21062308_21062311,37630.0,25666.0,25701.0,37594.0,21867.0,21876.0,0.1,14.8,14.88,3788.0,0.04,0.14,0.11,0.04,0.13
social_groups_3,21062308_21062314,75632.0,45475.0,45522.0,75456.0,40731.0,40740.0,0.23,10.43,10.5,4734.0,0.02,0.11,0.26,0.02,0.09
social_groups_3,21062320_21062321,15804.0,12084.0,12094.0,15714.0,9708.0,9710.0,0.57,19.66,19.71,2374.0,0.02,0.08,0.72,0.02,0.09
social_groups_3,21062320_21062323,36258.0,33562.0,33594.0,35998.0,30113.0,30121.0,0.72,10.28,10.34,3441.0,0.02,0.1,0.79,0.03,0.1
social_groups_3,21062320_21062402,53092.0,49972.0,50046.0,52948.0,44411.0,44416.0,0.27,11.13,11.25,5555.0,0.01,0.15,0.26,0.01,0.14
social_groups_3,21062320_21062408,151083.0,67114.0,67218.0,130576.0,58305.0,58314.0,13.57,13.13,13.25,8796.0,0.02,0.16,15.77,0.01,0.12
social_groups_3,21062508_21062509,10953.0,9714.0,9695.0,11005.0,7247.0,7248.0,0.47,25.4,25.24,2466.0,0.01,0.2,0.5,0.01,0.19
social_groups_3,21062508_21062511,41406.0,27096.0,27078.0,41309.0,23325.0,23332.0,0.23,13.92,13.83,3761.0,0.04,0.06,0.28,0.04,0.05
social_groups_3,21062508_21062514,86371.0,48296.0,48277.0,86377.0,43700.0,43705.0,0.01,9.52,9.47,4589.0,0.01,0.04,0.01,0.01,0.03
social_groups_3,21062508_21062520,181921.0,119378.0,119359.0,181853.0,110354.0,110385.0,0.04,7.56,7.52,8984.0,0.03,0.01,0.05,0.03,0.01
social_groups_3,21062520_21062521,12622.0,15829.0,15835.0,12523.0,12355.0,12355.0,0.78,21.95,21.98,3474.0,0.0,0.04,0.88,0.0,0.05
social_groups_3,21062520_21062602,45968.0,84455.0,84454.0,45611.0,76877.0,76897.0,0.78,8.97,8.95,7558.0,0.02,0.0,0.68,0.03,0.0
social_groups_3,21062520_21062608,134741.0,99868.0,99848.0,130105.0,89537.0,89551.0,3.44,10.34,10.31,10313.0,0.02,0.02,3.68,0.02,0.01
social_groups_3,21062708_21062709,33057.0,3423.0,3429.0,33162.0,2403.0,2403.0,0.32,29.8,29.92,1019.0,0.03,0.2,0.58,0.02,0.12
social_groups_3,21062708_21062711,108240.0,14758.0,14786.0,108114.0,12145.0,12147.0,0.12,17.71,17.85,2607.0,0.04,0.22,0.22,0.03,0.15
social_groups_3,21062708_21062714,229888.0,37323.0,37366.0,229844.0,33933.0,33935.0,0.02,9.08,9.18,3371.0,0.05,0.16,0.04,0.04,0.13
social_groups_3,21062708_21062720,438151.0,90065.0,90123.0,437425.0,84770.0,84789.0,0.17,5.88,5.92,5259.0,0.04,0.08,0.32,0.03,0.07
social_groups_3,21062720_21062721,24371.0,7631.0,7624.0,24366.0,6083.0,6085.0,0.02,20.29,20.19,1546.0,0.03,0.09,0.03,0.02,0.08
social_groups_3,21062720_21062723,62088.0,20676.0,20671.0,62197.0,18529.0,18531.0,0.18,10.38,10.35,2145.0,0.01,0.02,0.25,0.01,0.02
social_groups_3,21062720_21062802,82424.0,27909.0,27912.0,80791.0,24806.0,24813.0,1.98,11.12,11.1,3087.0,0.06,0.04,2.33,0.04,0.03
social_groups_3,21062720_21062808,230410.0,41386.0,41344.0,211787.0,35446.0,35452.0,8.08,14.35,14.25,5934.0,0.01,0.1,11.43,0.01,0.06
social_groups_3,21100608_21100609,53856.0,9660.0,9662.0,53840.0,6818.0,6819.0,0.03,29.42,29.42,2841.0,0.01,0.02,0.07,0.01,0.02
social_groups_3,21100608_21100611,169759.0,25666.0,25701.0,169555.0,21537.0,21544.0,0.12,16.09,16.17,4106.0,0.09,0.2,0.29,0.08,0.18
social_groups_3,21100608_21100614,342625.0,45475.0,45522.0,341844.0,40414.0,40422.0,0.23,11.13,11.2,5042.0,0.04,0.13,0.55,0.04,0.11
social_groups_3,21100608_21100620,671556.0,109363.0,109427.0,665967.0,100436.0,100456.0,0.83,8.16,8.2,8815.0,0.1,0.14,1.97,0.1,0.14
social_groups_3,21100620_21100621,37011.0,12084.0,12094.0,37081.0,9624.0,9626.0,0.19,20.36,20.41,2457.0,0.02,0.09,0.36,0.03,0.1
social_groups_3,21100620_21100623,97628.0,33562.0,33594.0,97541.0,29463.0,29468.0,0.09,12.21,12.28,4094.0,0.01,0.1,0.16,0.02,0.1
social_groups_3,21100620_21100702,150054.0,49972.0,50046.0,144479.0,44214.0,44221.0,3.72,11.52,11.64,5750.0,0.02,0.15,5.93,0.01,0.14
social_groups_3,21100620_21100708,322938.0,67114.0,67218.0,298665.0,57977.0,57991.0,7.52,13.61,13.73,9108.0,0.04,0.18,12.57,0.03,0.13
social_groups_3,21100808_21100809,52266.0,9714.0,9695.0,51951.0,7000.0,7002.0,0.6,27.94,27.78,2696.0,0.19,0.03,1.38,0.18,0.03
social_groups_3,21100808_21100811,169061.0,27096.0,27078.0,168369.0,22665.0,22669.0,0.41,16.35,16.28,4392.0,0.14,0.06,0.97,0.14,0.06
social_groups_3,21100808_21100814,340681.0,48296.0,48277.0,333661.0,42719.0,42739.0,2.06,11.55,11.47,5482.0,0.2,0.12,4.94,0.18,0.1
social_groups_3,21100808_21100820,691480.0,119378.0,119359.0,675622.0,106964.0,106996.0,2.29,10.4,10.36,11457.0,0.8,0.76,5.54,0.8,0.76
social_groups_3,21100820_21100821,39252.0,15829.0,15835.0,39261.0,12064.0,12065.0,0.02,23.79,23.81,3760.0,0.03,0.06,0.05,0.04,0.08
social_groups_3,21100820_21100823,113608.0,45341.0,45322.0,112019.0,39984.0,39991.0,1.4,11.81,11.76,5283.0,0.16,0.11,2.73,0.2,0.13
social_groups_3,21100820_21100902,164152.0,84455.0,84454.0,159145.0,76799.0,76808.0,3.05,9.07,9.05,7642.0,0.02,0.0,5.08,0.02,0.01
social_groups_3,21100820_21100908,283901.0,99868.0,99848.0,263427.0,89466.0,89485.0,7.21,10.42,10.38,10347.0,0.06,0.02,11.3,0.05,0.01
social_groups_3,21101008_21101009,34306.0,3423.0,3429.0,34240.0,2278.0,2278.0,0.19,33.45,33.57,1145.0,0.0,0.17,0.36,0.0,0.1
social_groups_3,21101008_21101011,114843.0,14758.0,14786.0,114594.0,12210.0,12212.0,0.22,17.27,17.41,2543.0,0.03,0.21,0.42,0.02,0.15
social_groups_3,21101008_21101014,238728.0,37323.0,37366.0,239098.0,33942.0,33945.0,0.15,9.06,9.16,3373.0,0.02,0.13,0.31,0.02,0.1
social_groups_3,21101008_21101020,487096.0,90065.0,90123.0,486755.0,84595.0,84610.0,0.07,6.07,6.12,5407.0,0.07,0.12,0.14,0.06,0.1
social_groups_3,21101020_21101021,30505.0,7631.0,7624.0,30380.0,6021.0,6022.0,0.41,21.1,21.01,1602.0,0.1,0.0,0.72,0.09,0.0
social_groups_3,21101020_21101023,81372.0,20676.0,20671.0,81481.0,18434.0,18438.0,0.13,10.84,10.8,2236.0,0.03,0.01,0.22,0.02,0.01
social_groups_3,21101020_21101102,114096.0,27909.0,27912.0,112848.0,24918.0,24922.0,1.09,10.72,10.71,2983.0,0.03,0.03,1.51,0.02,0.02
social_groups_3,21101020_21101108,282048.0,41386.0,41344.0,260525.0,35156.0,35160.0,7.63,15.05,14.96,6223.0,0.02,0.09,11.93,0.01,0.06
social_groups_3,21111008_21111009,48821.0,9660.0,9662.0,48764.0,6842.0,6843.0,0.12,29.17,29.18,2817.0,0.01,0.02,0.26,0.01,0.02
social_groups_3,21111008_21111011,157293.0,25666.0,25701.0,157101.0,21449.0,21456.0,0.12,16.43,16.52,4207.0,0.04,0.15,0.28,0.04,0.14
social_groups_3,21111008_21111014,322240.0,45475.0,45522.0,322145.0,40525.0,40538.0,0.03,10.89,10.95,4916.0,0.07,0.15,0.07,0.07,0.13
social_groups_3,21111008_21111020,655717.0,109363.0,109427.0,654283.0,100121.0,100135.0,0.22,8.45,8.49,8765.0,0.44,0.48,0.51,0.42,0.46
social_groups_3,21111020_21111021,37051.0,12084.0,12094.0,37031.0,9511.0,9512.0,0.05,21.29,21.35,2572.0,0.01,0.08,0.1,0.01,0.09
social_groups_3,21111020_21111023,109338.0,33562.0,33594.0,109356.0,29937.0,29944.0,0.02,10.8,10.87,3616.0,0.03,0.1,0.03,0.03,0.11
social_groups_3,21111020_21111102,166038.0,49972.0,50046.0,161351.0,44086.0,44097.0,2.82,11.78,11.89,5842.0,0.09,0.21,4.73,0.08,0.2
social_groups_3,21111020_21111108,166038.0,67114.0,67218.0,165430.0,57768.0,57777.0,0.37,13.93,14.05,9334.0,0.02,0.16,0.43,0.01,0.12
social_groups_3,21111208_21111209,52055.0,9714.0,9695.0,51945.0,6907.0,6907.0,0.21,28.9,28.76,2805.0,0.02,0.18,0.48,0.02,0.17
social_groups_3,21111208_21111211,160492.0,27096.0,27078.0,160662.0,22809.0,22817.0,0.11,15.82,15.74,4179.0,0.4,0.3,0.24,0.38,0.29
social_groups_3,21111208_21111214,319101.0,48296.0,48277.0,318767.0,43272.0,43278.0,0.1,10.4,10.35,5007.0,0.04,0.02,0.24,0.03,0.01
social_groups_3,21111208_21111220,650083.0,119378.0,119359.0,647286.0,108121.0,108133.0,0.43,9.43,9.41,10962.0,0.25,0.22,1.0,0.25,0.22
social_groups_3,21111220_21111221,35729.0,15829.0,15835.0,35858.0,12001.0,12004.0,0.36,24.18,24.19,3824.0,0.03,0.04,0.68,0.03,0.06
social_groups_3,21111220_21111223,106719.0,45341.0,45322.0,106592.0,40389.0,40396.0,0.12,10.92,10.87,4730.0,0.49,0.43,0.22,0.6,0.53
social_groups_3,21111220_21111302,160255.0,84455.0,84454.0,153211.0,75544.0,75556.0,4.4,10.55,10.54,8884.0,0.03,0.02,7.26,0.04,0.02
social_groups_3,21111220_21111308,296481.0,99868.0,99848.0,260769.0,89304.0,89319.0,12.05,10.58,10.55,10500.0,0.06,0.03,19.53,0.06,0.03
social_groups_3,21111408_21111409,33793.0,3423.0,3429.0,33992.0,2387.0,2387.0,0.59,30.27,30.39,1036.0,0.0,0.17,1.08,0.0,0.1
social_groups_3,21111408_21111411,118019.0,14758.0,14786.0,117868.0,12259.0,12262.0,0.13,16.93,17.07,2492.0,0.05,0.22,0.25,0.03,0.15
social_groups_3,21111408_21111414,243792.0,37323.0,37366.0,243532.0,34260.0,34270.0,0.11,8.21,8.29,3036.0,0.07,0.16,0.22,0.06,0.13
social_groups_3,21111408_21111420,494177.0,90065.0,90123.0,494374.0,84724.0,84740.0,0.04,5.93,5.97,5308.0,0.04,0.08,0.08,0.03,0.07
social_groups_3,21111420_21111421,31007.0,7631.0,7624.0,31080.0,6165.0,6166.0,0.24,19.21,19.12,1465.0,0.01,0.09,0.41,0.01,0.08
social_groups_3,21111420_21111423,82835.0,20676.0,20671.0,82737.0,18461.0,18463.0,0.12,10.71,10.68,2212.0,0.01,0.02,0.2,0.01,0.02
social_groups_3,21111420_21111502,120171.0,27909.0,27912.0,117993.0,24777.0,24779.0,1.81,11.22,11.22,3126.0,0.02,0.03,2.58,0.01,0.02
social_groups_3,21111420_21111508,284585.0,41386.0,41344.0,262673.0,35429.0,35437.0,7.7,14.39,14.29,5947.0,0.02,0.1,12.09,0.01,0.06
sumo,21062308_21062309,10551.0,9660.0,9662.0,10575.0,9653.0,9657.0,0.23,0.07,0.05,0.0,0.07,0.05,0.23,0.07,0.05
sumo,21062308_21062311,37630.0,25666.0,25701.0,37488.0,25630.0,25637.0,0.38,0.14,0.25,0.0,0.14,0.25,0.42,0.13,0.23
sumo,21062320_21062321,15804.0,12084.0,12094.0,15965.0,12079.0,12084.0,1.02,0.04,0.08,0.0,0.04,0.08,1.28,0.05,0.09
sumo,21062508_21062509,10953.0,9714.0,9695.0,10962.0,9712.0,9714.0,0.08,0.02,0.2,0.0,0.02,0.2,0.09,0.02,0.19
sumo,21062508_21062511,41406.0,27096.0,27078.0,41589.0,27076.0,27086.0,0.44,0.07,0.03,0.0,0.07,0.03,0.52,0.07,0.03
sumo,21062520_21062521,12622.0,15829.0,15835.0,12533.0,15822.0,15829.0,0.71,0.04,0.04,0.0,0.04,0.04,0.79,0.06,0.05
sumo,21062708_21062709,33057.0,3423.0,3429.0,33132.0,3423.0,3423.0,0.23,0.0,0.17,0.0,0.0,0.17,0.41,0.0,0.1
sumo,21062708_21062711,108240.0,14758.0,14786.0,108153.0,14751.0,14753.0,0.08,0.05,0.22,0.0,0.05,0.22,0.15,0.03,0.16
sumo,21062708_21062714,229888.0,37323.0,37366.0,229576.0,37300.0,37308.0,0.14,0.06,0.16,0.0,0.06,0.16,0.27,0.05,0.12
sumo,21062720_21062721,24371.0,7631.0,7624.0,24396.0,7628.0,7629.0,0.1,0.04,0.07,0.0,0.04,0.07,0.16,0.03,0.06
sumo,21062720_21062723,62088.0,20676.0,20671.0,61738.0,20670.0,20676.0,0.56,0.03,0.02,0.0,0.03,0.02,0.81,0.02,0.02
sumo,21100608_21100609,53856.0,9660.0,9662.0,53784.0,9655.0,9656.0,0.13,0.05,0.06,0.0,0.05,0.06,0.31,0.05,0.06
sumo,21100608_21100611,169759.0,25666.0,25701.0,169161.0,25616.0,25624.0,0.35,0.19,0.3,0.0,0.19,0.3,0.84,0.18,0.28
sumo,21100620_21100621,37011.0,12084.0,12094.0,36908.0,12082.0,12084.0,0.28,0.02,0.08,0.0,0.02,0.08,0.54,0.02,0.09
sumo,21100808_21100809,52266.0,9714.0,9695.0,51914.0,9709.0,9712.0,0.67,0.05,0.18,0.0,0.05,0.18,1.54,0.05,0.17
sumo,21100808_21100811,169061.0,27096.0,27078.0,167843.0,26880.0,26884.0,0.72,0.8,0.72,0.0,0.8,0.72,1.71,0.76,0.68
sumo,21100820_21100821,39252.0,15829.0,15835.0,39271.0,15827.0,15827.0,0.05,0.01,0.05,0.0,0.01,0.05,0.1,0.02,0.06
sumo,21101008_21101009,34306.0,3423.0,3429.0,34480.0,3422.0,3422.0,0.51,0.03,0.2,0.0,0.03,0.2,0.94,0.02,0.12
sumo,21101008_21101011,114843.0,14758.0,14786.0,114846.0,14749.0,14755.0,0.0,0.06,0.21,0.0,0.06,0.21,0.01,0.04,0.15
sumo,21101008_21101014,238728.0,37323.0,37366.0,237996.0,37313.0,37320.0,0.31,0.03,0.12,0.0,0.03,0.12,0.61,0.02,0.1
sumo,21101020_21101021,30505.0,7631.0,7624.0,30431.0,7629.0,7629.0,0.24,0.03,0.07,0.0,0.03,0.07,0.42,0.02,0.06
sumo,21101020_21101023,81372.0,20676.0,20671.0,81252.0,20671.0,20675.0,0.15,0.02,0.02,0.0,0.02,0.02,0.24,0.02,0.02
sumo,21111008_21111009,48821.0,9660.0,9662.0,48117.0,9626.0,9629.0,1.44,0.35,0.34,0.0,0.35,0.34,3.2,0.35,0.34
sumo,21111008_21111011,157293.0,25666.0,25701.0,155074.0,25629.0,25637.0,1.41,0.14,0.25,0.0,0.14,0.25,3.24,0.13,0.23
sumo,21111020_21111021,37051.0,12084.0,12094.0,37006.0,12083.0,12084.0,0.12,0.01,0.08,0.0,0.01,0.08,0.23,0.01,0.09
sumo,21111208_21111209,52055.0,9714.0,9695.0,52023.0,9703.0,9709.0,0.06,0.11,0.14,0.0,0.11,0.14,0.14,0.11,0.14
sumo,21111208_21111211,160492.0,27096.0,27078.0,159798.0,27003.0,27012.0,0.43,0.34,0.24,0.0,0.34,0.24,1.0,0.33,0.23
sumo,21111220_21111221,35729.0,15829.0,15835.0,35517.0,15819.0,15825.0,0.59,0.06,0.06,0.0,0.06,0.06,1.12,0.08,0.08
sumo,21111408_21111409,33793.0,3423.0,3429.0,33617.0,3423.0,3423.0,0.52,0.0,0.17,0.0,0.0,0.17,0.96,0.0,0.1
sumo,21111408_21111411,118019.0,14758.0,14786.0,117811.0,14754.0,14756.0,0.18,0.03,0.2,0.0,0.03,0.2,0.35,0.02,0.14
sumo,21111408_21111414,243792.0,37323.0,37366.0,243553.0,37299.0,37306.0,0.1,0.06,0.16,0.0,0.06,0.16,0.2,0.05,0.13
sumo,21111420_21111421,31007.0,7631.0,7624.0,30878.0,7629.0,7631.0,0.42,0.03,0.09,0.0,0.03,0.09,0.73,0.02,0.08
sumo,21111420_21111423,82835.0,20676.0,20671.0,82318.0,20668.0,20675.0,0.62,0.04,0.02,0.0,0.04,0.02,1.04,0.03,0.02
multi_agent_avg,21062308_21062309,10551.0,9660.0,9662.0,10404.0,9645.5,9648.0,1.4,0.15,0.15,0.0,0.15,0.15,1.44,0.14,0.14
multi_agent_avg,21062308_21062311,37630.0,25666.0,25701.0,37428.5,25607.0,25613.0,0.72,0.23,0.34,0.0,0.23,0.34,0.8,0.21,0.32
multi_agent_avg,21062308_21062314,75632.0,45475.0,45522.0,74971.0,45378.5,45393.0,0.92,0.22,0.28,0.0,0.22,0.28,1.03,0.18,0.25
multi_agent_avg,21062308_21062320,159733.0,109363.0,109427.0,154589.0,109198.5,109224.5,3.22,0.15,0.18,0.0,0.15,0.18,3.77,0.15,0.18
multi_agent_avg,21062320_21062321,15804.0,12084.0,12094.0,15598.5,12077.0,12079.0,1.3,0.06,0.12,0.0,0.06,0.12,1.64,0.06,0.14
multi_agent_avg,21062320_21062323,36258.0,33562.0,33594.0,35756.0,33523.5,33531.0,1.4,0.12,0.19,0.0,0.12,0.19,1.56,0.12,0.2
multi_agent_avg,21062320_21062402,53092.0,49972.0,50046.0,51909.0,49957.5,49970.0,2.26,0.03,0.16,0.0,0.03,0.16,2.16,0.02,0.14
multi_agent_avg,21062320_21062408,151083.0,67114.0,67218.0,125862.5,67074.0,67083.0,16.7,0.06,0.2,0.0,0.06,0.2,19.58,0.04,0.15
multi_agent_avg,21062508_21062509,10953.0,9714.0,9695.0,10837.0,9689.0,9690.5,1.06,0.26,0.24,0.0,0.26,0.24,1.12,0.26,0.24
multi_agent_avg,21062508_21062511,41406.0,27096.0,27078.0,41086.0,27007.0,27017.5,0.87,0.33,0.22,0.0,0.33,0.22,1.02,0.31,0.22
multi_agent_avg,21062508_21062514,86371.0,48296.0,48277.0,85457.0,48164.5,48179.5,1.06,0.27,0.2,0.0,0.27,0.2,1.28,0.24,0.18
multi_agent_avg,21062508_21062520,181921.0,119378.0,119359.0,179770.5,118971.5,118993.5,1.18,0.34,0.3,0.0,0.34,0.3,1.46,0.34,0.3
multi_agent_avg,21062520_21062521,12622.0,15829.0,15835.0,12384.0,15807.0,15808.5,1.89,0.14,0.16,0.0,0.14,0.16,2.13,0.18,0.22
multi_agent_avg,21062520_21062523,30039.0,45341.0,45322.0,29710.0,45254.5,45264.5,1.3,0.19,0.16,0.0,0.19,0.16,1.31,0.24,0.19
multi_agent_avg,21062520_21062602,45968.0,84455.0,84454.0,44585.0,84247.5,84263.5,3.01,0.25,0.23,0.0,0.25,0.23,2.66,0.29,0.26
multi_agent_avg,21062520_21062608,134741.0,99868.0,99848.0,127114.0,99719.5,99737.0,5.66,0.15,0.12,0.0,0.15,0.12,6.09,0.14,0.12
multi_agent_avg,21062708_21062709,33057.0,3423.0,3429.0,32736.5,3421.5,3421.5,0.97,0.04,0.22,0.5,0.03,0.2,1.77,0.02,0.12
multi_agent_avg,21062708_21062711,108240.0,14758.0,14786.0,107072.5,14750.0,14753.0,1.08,0.06,0.22,0.5,0.05,0.22,2.06,0.03,0.16
multi_agent_avg,21062708_21062714,229888.0,37323.0,37366.0,227658.5,37280.5,37288.5,0.98,0.12,0.2,1.5,0.11,0.2,1.92,0.08,0.16
multi_agent_avg,21062708_21062720,438151.0,90065.0,90123.0,433719.5,89948.5,89967.0,1.03,0.13,0.18,2.0,0.12,0.18,1.99,0.11,0.14
multi_agent_avg,21062720_21062721,24371.0,7631.0,7624.0,24168.0,7616.5,7617.5,0.96,0.19,0.18,0.0,0.19,0.18,1.5,0.16,0.16
multi_agent_avg,21062720_21062723,62088.0,20676.0,20671.0,61382.5,20644.0,20648.0,1.3,0.16,0.13,0.0,0.16,0.13,1.88,0.12,0.11
multi_agent_avg,21062720_21062802,82424.0,27909.0,27912.0,79741.5,27879.0,27883.5,3.26,0.11,0.1,0.0,0.11,0.1,3.84,0.08,0.07
multi_agent_avg,21062720_21062808,230410.0,41386.0,41344.0,209844.5,41308.0,41318.5,8.93,0.18,0.16,0.0,0.18,0.16,12.66,0.11,0.1
multi_agent_avg,21100608_21100609,53856.0,9660.0,9662.0,53413.0,9648.0,9650.0,0.82,0.12,0.12,0.0,0.12,0.12,1.92,0.12,0.12
multi_agent_avg,21100608_21100611,169759.0,25666.0,25701.0,167751.5,25549.5,25560.5,1.18,0.45,0.54,0.0,0.45,0.54,2.82,0.42,0.5
multi_agent_avg,21100608_21100614,342625.0,45475.0,45522.0,338094.0,45248.5,45263.5,1.32,0.5,0.57,0.0,0.5,0.57,3.18,0.44,0.5
multi_agent_avg,21100608_21100620,671556.0,109363.0,109427.0,659887.5,109085.5,109115.5,1.74,0.26,0.29,0.0,0.26,0.29,4.13,0.24,0.27
multi_agent_avg,21100620_21100621,37011.0,12084.0,12094.0,36581.0,12074.5,12076.5,1.16,0.08,0.15,0.0,0.08,0.15,2.24,0.08,0.16
multi_agent_avg,21100620_21100623,97628.0,33562.0,33594.0,96479.5,33533.0,33538.5,1.18,0.08,0.16,0.0,0.08,0.16,2.13,0.1,0.18
multi_agent_avg,21100620_21100702,150054.0,49972.0,50046.0,142933.5,49933.5,49946.0,4.74,0.08,0.2,0.0,0.08,0.2,7.6,0.07,0.18
multi_agent_avg,21100620_21100708,322938.0,67114.0,67218.0,294562.0,67030.0,67043.0,8.79,0.12,0.26,0.0,0.12,0.26,14.74,0.09,0.2
multi_agent_avg,21100808_21100809,52266.0,9714.0,9695.0,51909.0,9684.5,9686.0,0.68,0.3,0.1,0.0,0.3,0.1,1.56,0.3,0.09
multi_agent_avg,21100808_21100811,169061.0,27096.0,27078.0,165688.0,26910.0,26918.5,2.0,0.68,0.59,0.0,0.68,0.59,4.77,0.65,0.56
multi_agent_avg,21100808_21100814,340681.0,48296.0,48277.0,328737.5,47954.0,47968.0,3.5,0.7,0.64,0.0,0.7,0.64,8.44,0.64,0.57
multi_agent_avg,21100808_21100820,691480.0,119378.0,119359.0,668928.5,118735.5,118767.5,3.26,0.54,0.5,0.0,0.54,0.5,7.9,0.54,0.5
multi_agent_avg,21100820_21100821,39252.0,15829.0,15835.0,38800.5,15798.0,15803.0,1.15,0.2,0.2,0.0,0.2,0.2,2.29,0.24,0.26
multi_agent_avg,21100820_21100823,113608.0,45341.0,45322.0,111036.0,44937.0,44944.0,2.26,0.89,0.84,0.0,0.89,0.84,4.43,1.1,1.03
multi_agent_avg,21100820_21100902,164152.0,84455.0,84454.0,158056.0,84225.5,84242.5,3.72,0.27,0.25,0.0,0.27,0.25,6.2,0.32,0.3
multi_agent_avg,21100820_21100908,283901.0,99868.0,99848.0,259516.5,99695.5,99717.5,8.59,0.18,0.13,0.0,0.18,0.13,13.5,0.16,0.12
multi_agent_avg,21101008_21101009,34306.0,3423.0,3429.0,33851.5,3415.5,3416.0,1.32,0.22,0.38,3.0,0.13,0.29,2.47,0.08,0.17
multi_agent_avg,21101008_21101011,114843.0,14758.0,14786.0,113584.5,14749.0,14753.0,1.16,0.06,0.22,1.5,0.05,0.21,2.26,0.04,0.15
multi_agent_avg,21101008_21101014,238728.0,37323.0,37366.0,236314.0,37290.5,37300.0,1.01,0.08,0.18,2.5,0.08,0.17,2.03,0.06,0.14
multi_agent_avg,21101008_21101020,487096.0,90065.0,90123.0,481217.5,89913.5,89934.5,1.2,0.17,0.21,13.0,0.16,0.2,2.45,0.13,0.17
multi_agent_avg,21101020_21101021,30505.0,7631.0,7624.0,30231.0,7613.0,7613.5,1.23,0.24,0.2,0.0,0.24,0.2,2.17,0.2,0.18
multi_agent_avg,21101020_21101023,81372.0,20676.0,20671.0,80414.0,20645.5,20651.0,1.22,0.15,0.12,0.0,0.15,0.12,2.02,0.12,0.1
multi_agent_avg,21101020_21101102,114096.0,27909.0,27912.0,111242.5,27872.0,27877.0,2.5,0.13,0.12,0.0,0.13,0.12,3.47,0.09,0.08
multi_agent_avg,21101020_21101108,282048.0,41386.0,41344.0,257977.5,41309.5,41313.5,8.54,0.18,0.18,0.0,0.18,0.18,13.38,0.11,0.1
multi_agent_avg,21111008_21111009,48821.0,9660.0,9662.0,48508.0,9649.0,9651.0,0.73,0.12,0.12,0.0,0.12,0.12,1.62,0.11,0.11
multi_agent_avg,21111008_21111011,157293.0,25666.0,25701.0,156046.0,25617.0,25627.5,0.79,0.19,0.29,0.0,0.19,0.29,1.82,0.18,0.26
multi_agent_avg,21111008_21111014,322240.0,45475.0,45522.0,319538.0,45352.5,45365.0,0.84,0.27,0.34,0.0,0.27,0.34,1.95,0.24,0.3
multi_agent_avg,21111008_21111020,655717.0,109363.0,109427.0,647371.0,108996.0,109026.5,1.27,0.34,0.37,0.0,0.34,0.37,2.99,0.32,0.35
multi_agent_avg,21111020_21111021,37051.0,12084.0,12094.0,36742.5,12075.5,12077.5,0.84,0.07,0.14,0.0,0.07,0.14,1.6,0.08,0.15
multi_agent_avg,21111020_21111023,109338.0,33562.0,33594.0,108324.5,33530.5,33533.5,0.92,0.1,0.18,0.0,0.1,0.18,1.78,0.1,0.19
multi_agent_avg,21111020_21111102,166038.0,49972.0,50046.0,159608.5,49932.5,49938.5,3.88,0.08,0.22,0.0,0.08,0.22,6.51,0.07,0.2
multi_agent_avg,21111020_21111108,166038.0,67114.0,67218.0,163464.0,67069.5,67083.0,1.55,0.06,0.2,0.0,0.06,0.2,1.84,0.05,0.15
multi_agent_avg,21111208_21111209,52055.0,9714.0,9695.0,51637.5,9683.0,9688.5,0.8,0.32,0.26,0.0,0.32,0.26,1.84,0.31,0.25
multi_agent_avg,21111208_21111211,160492.0,27096.0,27078.0,159104.0,26959.0,26969.0,0.86,0.5,0.4,0.0,0.5,0.4,2.0,0.48,0.38
multi_agent_avg,21111208_21111214,319101.0,48296.0,48277.0,315346.5,48002.0,48014.5,1.18,0.61,0.55,0.0,0.61,0.55,2.72,0.54,0.48
multi_agent_avg,21111208_21111220,650083.0,119378.0,119359.0,639592.5,118790.0,118813.0,1.62,0.5,0.46,0.0,0.5,0.46,3.78,0.5,0.46
multi_agent_avg,21111220_21111221,35729.0,15829.0,15835.0,35476.5,15805.5,15810.5,1.0,0.15,0.16,0.0,0.15,0.16,1.91,0.18,0.2
multi_agent_avg,21111220_21111223,106719.0,45341.0,45322.0,105219.5,45248.5,45256.5,1.4,0.2,0.15,0.0,0.2,0.15,2.66,0.25,0.18
multi_agent_avg,21111220_21111302,160255.0,84455.0,84454.0,151481.0,84308.0,84323.0,5.48,0.18,0.16,0.0,0.18,0.16,9.07,0.2,0.18
multi_agent_avg,21111220_21111308,296481.0,99868.0,99848.0,257083.5,99691.0,99705.5,13.28,0.18,0.14,0.0,0.18,0.14,21.62,0.16,0.13
multi_agent_avg,21111408_21111409,33793.0,3423.0,3429.0,33552.0,3422.5,3422.5,0.72,0.02,0.18,0.5,0.0,0.17,1.32,0.0,0.1
multi_agent_avg,21111408_21111411,118019.0,14758.0,14786.0,116694.5,14744.0,14747.0,1.12,0.09,0.26,5.0,0.06,0.23,2.24,0.04,0.16
multi_agent_avg,21111408_21111414,243792.0,37323.0,37366.0,240926.5,37284.5,37292.5,1.18,0.11,0.2,9.5,0.08,0.17,2.38,0.06,0.14
multi_agent_avg,21111408_21111420,494177.0,90065.0,90123.0,489522.5,89950.0,89966.5,0.94,0.12,0.18,2.5,0.12,0.18,1.92,0.11,0.14
multi_agent_avg,21111420_21111421,31007.0,7631.0,7624.0,30775.0,7614.5,7617.0,1.11,0.22,0.17,0.0,0.22,0.17,1.96,0.18,0.15
multi_agent_avg,21111420_21111423,82835.0,20676.0,20671.0,81861.0,20641.0,20645.0,1.18,0.17,0.14,0.0,0.17,0.14,1.96,0.14,0.12
multi_agent_avg,21111420_21111502,120171.0,27909.0,27912.0,116939.5,27873.0,27879.0,2.69,0.13,0.12,0.0,0.13,0.12,3.84,0.08,0.08
multi_agent_avg,21111420_21111508,284585.0,41386.0,41344.0,260339.5,41318.5,41325.5,8.52,0.16,0.12,0.0,0.16,0.12,13.41,0.1,0.08
social_groups_avg,21062308_21062309,10551.0,9660.0,9662.0,10566.67,7206.67,7207.67,0.31,25.4,25.4,2451.67,0.02,0.03,0.32,0.02,0.03
social_groups_avg,21062308_21062311,37630.0,25666.0,25701.0,37592.0,21892.0,21898.67,0.14,14.7,14.79,3766.33,0.03,0.14,0.15,0.03,0.13
social_groups_avg,21062308_21062314,75632.0,45475.0,45522.0,75578.33,40637.0,40649.0,0.14,10.64,10.7,4824.33,0.03,0.11,0.16,0.03,0.09
social_groups_avg,21062308_21062320,159733.0,109363.0,109427.0,159053.5,101498.5,101519.0,0.42,7.19,7.22,7811.5,0.05,0.09,0.49,0.05,0.08
social_groups_avg,21062320_21062321,15804.0,12084.0,12094.0,15749.0,9822.33,9824.0,0.38,18.71,18.77,2260.0,0.01,0.08,0.48,0.02,0.09
social_groups_avg,21062320_21062323,36258.0,33562.0,33594.0,36205.67,29852.0,29859.0,0.49,11.05,11.12,3702.67,0.02,0.1,0.53,0.03,0.1
social_groups_avg,21062320_21062402,53092.0,49972.0,50046.0,53034.33,44241.0,44247.67,0.11,11.47,11.59,5724.0,0.01,0.15,0.11,0.01,0.14
social_groups_avg,21062320_21062408,151083.0,67114.0,67218.0,130528.0,58438.0,58446.67,13.61,12.93,13.05,8666.0,0.01,0.15,15.81,0.01,0.12
social_groups_avg,21062508_21062509,10953.0,9714.0,9695.0,10962.67,7267.0,7268.67,0.26,25.19,25.03,2445.0,0.02,0.2,0.28,0.02,0.19
social_groups_avg,21062508_21062511,41406.0,27096.0,27078.0,41461.67,23334.0,23340.33,0.29,13.88,13.8,3754.67,0.03,0.07,0.34,0.03,0.06
social_groups_avg,21062508_21062514,86371.0,48296.0,48277.0,86382.67,43644.0,43656.67,0.08,9.63,9.57,4637.67,0.03,0.04,0.1,0.02,0.03
social_groups_avg,21062508_21062520,181921.0,119378.0,119359.0,181592.0,110142.67,110166.33,0.18,7.74,7.7,9203.0,0.03,0.01,0.23,0.03,0.01
social_groups_avg,21062520_21062521,12622.0,15829.0,15835.0,12592.67,12517.0,12518.67,0.29,20.92,20.94,3309.67,0.02,0.04,0.33,0.02,0.06
social_groups_avg,21062520_21062523,30039.0,45341.0,45322.0,30019.5,40581.5,40590.5,0.06,10.5,10.44,4747.5,0.02,0.04,0.06,0.04,0.04
social_groups_avg,21062520_21062602,45968.0,84455.0,84454.0,45580.67,76654.33,76665.67,0.84,9.24,9.22,7788.0,0.01,0.0,0.74,0.02,0.0
social_groups_avg,21062520_21062608,134741.0,99868.0,99848.0,130222.0,89619.33,89634.0,3.36,10.26,10.23,10228.67,0.02,0.02,3.58,0.02,0.01
social_groups_avg,21062708_21062709,33057.0,3423.0,3429.0,33090.33,2400.33,2401.0,0.28,29.88,29.98,1021.33,0.04,0.19,0.52,0.02,0.11
social_groups_avg,21062708_21062711,108240.0,14758.0,14786.0,108182.33,12245.67,12247.33,0.05,17.02,17.17,2506.0,0.04,0.22,0.1,0.03,0.16
social_groups_avg,21062708_21062714,229888.0,37323.0,37366.0,229699.0,34116.33,34118.0,0.12,8.59,8.69,3189.33,0.05,0.16,0.23,0.04,0.13
social_groups_avg,21062708_21062720,438151.0,90065.0,90123.0,437533.67,84691.67,84709.0,0.14,5.97,6.01,5338.33,0.04,0.08,0.27,0.03,0.07
social_groups_avg,21062720_21062721,24371.0,7631.0,7624.0,24406.33,6202.0,6203.33,0.16,18.73,18.63,1427.67,0.02,0.09,0.25,0.01,0.08
social_groups_avg,21062720_21062723,62088.0,20676.0,20671.0,62144.67,18492.67,18495.33,0.17,10.56,10.52,2180.33,0.01,0.02,0.24,0.01,0.02
social_groups_avg,21062720_21062802,82424.0,27909.0,27912.0,80849.67,24773.33,24780.0,1.91,11.24,11.22,3126.0,0.04,0.02,2.25,0.02,0.02
social_groups_avg,21062720_21062808,230410.0,41386.0,41344.0,211872.67,35374.67,35381.0,8.04,14.52,14.42,6004.0,0.02,0.1,11.38,0.01,0.06
social_groups_avg,21100608_21100609,53856.0,9660.0,9662.0,53789.33,6858.0,6858.67,0.14,29.01,29.01,2800.67,0.01,0.03,0.33,0.01,0.03
social_groups_avg,21100608_21100611,169759.0,25666.0,25701.0,169386.67,21488.33,21493.0,0.22,16.28,16.37,4135.33,0.17,0.28,0.52,0.15,0.26
social_groups_avg,21100608_21100614,342625.0,45475.0,45522.0,341812.0,40292.0,40300.67,0.24,11.4,11.47,5122.0,0.13,0.22,0.57,0.12,0.19
social_groups_avg,21100608_21100620,671556.0,109363.0,109427.0,666244.33,100608.0,100629.67,0.79,8.01,8.04,8618.33,0.12,0.16,1.87,0.12,0.16
social_groups_avg,21100620_21100621,37011.0,12084.0,12094.0,36949.67,9524.67,9526.33,0.29,21.18,21.23,2557.33,0.02,0.08,0.56,0.02,0.09
social_groups_avg,21100620_21100623,97628.0,33562.0,33594.0,97469.0,29541.0,29546.67,0.16,11.98,12.05,4014.33,0.02,0.1,0.29,0.02,0.1
social_groups_avg,21100620_21100702,150054.0,49972.0,50046.0,144329.67,44273.0,44279.33,3.82,11.4,11.52,5692.0,0.02,0.15,6.09,0.01,0.14
social_groups_avg,21100620_21100708,322938.0,67114.0,67218.0,298576.67,58045.0,58055.67,7.54,13.51,13.63,9039.0,0.04,0.19,12.62,0.03,0.14
social_groups_avg,21100808_21100809,52266.0,9714.0,9695.0,52054.33,6930.67,6932.33,0.4,28.65,28.5,2768.0,0.16,0.06,0.93,0.15,0.06
social_groups_avg,21100808_21100811,169061.0,27096.0,27078.0,168223.67,22802.0,22807.33,0.49,15.85,15.77,4215.0,0.29,0.21,1.18,0.28,0.19
social_groups_avg,21100808_21100814,340681.0,48296.0,48277.0,333837.0,42864.0,42880.0,2.01,11.25,11.18,5356.67,0.16,0.09,4.81,0.14,0.07
social_groups_avg,21100808_21100820,691480.0,119378.0,119359.0,675379.67,107121.67,107149.67,2.33,10.27,10.23,11776.0,0.4,0.36,5.62,0.4,0.36
social_groups_avg,21100820_21100821,39252.0,15829.0,15835.0,39174.33,12086.67,12089.0,0.3,23.64,23.66,3737.33,0.03,0.05,0.6,0.04,0.07
social_groups_avg,21100820_21100823,113608.0,45341.0,45322.0,111996.33,40134.33,40143.0,1.42,11.48,11.43,5162.33,0.1,0.06,2.77,0.12,0.07
social_groups_avg,21100820_21100902,164152.0,84455.0,84454.0,159236.67,76417.0,76430.67,3.0,9.52,9.5,8012.0,0.03,0.01,4.99,0.04,0.02
social_groups_avg,21100820_21100908,283901.0,99868.0,99848.0,263593.33,89251.67,89268.33,7.15,10.63,10.6,10566.67,0.05,0.01,11.2,0.04,0.01
social_groups_avg,21101008_21101009,34306.0,3423.0,3429.0,34290.67,2335.33,2335.33,0.41,31.78,31.9,1087.0,0.02,0.19,0.76,0.01,0.11
social_groups_avg,21101008_21101011,114843.0,14758.0,14786.0,114689.0,12294.67,12297.0,0.21,16.69,16.83,2459.67,0.02,0.2,0.4,0.02,0.14
social_groups_avg,21101008_21101014,238728.0,37323.0,37366.0,238862.67,34003.33,34009.0,0.15,8.89,8.99,3308.0,0.03,0.13,0.31,0.03,0.1
social_groups_avg,21101008_21101020,487096.0,90065.0,90123.0,487128.33,84448.67,84466.0,0.05,6.23,6.28,5576.33,0.04,0.09,0.11,0.04,0.08
social_groups_avg,21101020_21101021,30505.0,7631.0,7624.0,30441.33,6066.67,6067.67,0.34,20.5,20.41,1559.67,0.06,0.04,0.59,0.05,0.04
social_groups_avg,21101020_21101023,81372.0,20676.0,20671.0,81409.0,18423.0,18426.67,0.1,10.89,10.86,2247.0,0.03,0.01,0.16,0.02,0.01
social_groups_avg,21101020_21101102,114096.0,27909.0,27912.0,112763.33,24809.67,24814.67,1.17,11.11,11.1,3091.33,0.03,0.02,1.61,0.02,0.01
social_groups_avg,21101020_21101108,282048.0,41386.0,41344.0,260145.33,35250.33,35256.0,7.76,14.82,14.73,6125.67,0.02,0.09,12.14,0.01,0.05
social_groups_avg,21111008_21111009,48821.0,9660.0,9662.0,48681.67,6934.33,6935.0,0.29,28.21,28.23,2723.67,0.02,0.03,0.63,0.02,0.03
social_groups_avg,21111008_21111011,157293.0,25666.0,25701.0,156991.33,21568.33,21573.67,0.19,15.96,16.06,4090.33,0.03,0.14,0.44,0.03,0.13
social_groups_avg,21111008_21111014,322240.0,45475.0,45522.0,322015.0,40472.33,40482.67,0.08,11.0,11.07,4958.67,0.09,0.18,0.19,0.09,0.16
social_groups_avg,21111008_21111020,655717.0,109363.0,109427.0,654379.67,100228.67,100249.33,0.21,8.35,8.39,8935.33,0.18,0.22,0.48,0.18,0.21
social_groups_avg,21111020_21111021,37051.0,12084.0,12094.0,37042.33,9506.0,9506.67,0.03,21.33,21.39,2577.33,0.01,0.08,0.06,0.01,0.09
social_groups_avg,21111020_21111023,109338.0,33562.0,33594.0,109157.0,29763.67,29768.67,0.18,11.32,11.39,3791.33,0.02,0.1,0.34,0.02,0.11
social_groups_avg,21111020_21111102,166038.0,49972.0,50046.0,161185.67,44070.67,44081.0,2.92,11.81,11.92,5876.33,0.05,0.18,4.9,0.05,0.17
social_groups_avg,21111020_21111108,166038.0,67114.0,67218.0,165284.67,58124.0,58136.0,0.46,13.4,13.51,8975.67,0.02,0.16,0.53,0.02,0.12
social_groups_avg,21111208_21111209,52055.0,9714.0,9695.0,52043.33,6982.0,6984.67,0.39,28.13,27.96,2727.67,0.04,0.18,0.89,0.04,0.17
social_groups_avg,21111208_21111211,160492.0,27096.0,27078.0,160370.67,22879.33,22888.33,0.18,15.56,15.47,4147.33,0.26,0.16,0.42,0.24,0.15
social_groups_avg,21111208_21111214,319101.0,48296.0,48277.0,318720.67,43109.0,43117.33,0.16,10.74,10.68,5109.33,0.16,0.12,0.36,0.14,0.1
social_groups_avg,21111208_21111220,650083.0,119378.0,119359.0,646563.67,108410.0,108431.33,0.54,9.19,9.16,10745.33,0.19,0.15,1.26,0.19,0.15
social_groups_avg,21111220_21111221,35729.0,15829.0,15835.0,35797.67,12126.0,12128.33,0.4,23.39,23.41,3697.67,0.03,0.06,0.75,0.04,0.07
social_groups_avg,21111220_21111223,106719.0,45341.0,45322.0,106132.67,40285.0,40291.0,0.55,11.15,11.1,4967.33,0.2,0.15,1.04,0.24,0.18
social_groups_avg,21111220_21111302,160255.0,84455.0,84454.0,153353.67,76239.67,76252.0,4.31,9.73,9.71,8185.67,0.04,0.02,7.12,0.04,0.02
social_groups_avg,21111220_21111308,296481.0,99868.0,99848.0,260769.33,89076.33,89096.33,12.05,10.81,10.77,10740.0,0.05,0.01,19.53,0.05,0.01
social_groups_avg,21111408_21111409,33793.0,3423.0,3429.0,33784.33,2382.0,2382.0,0.42,30.41,30.53,1041.0,0.0,0.17,0.77,0.0,0.1
social_groups_avg,21111408_21111411,118019.0,14758.0,14786.0,117856.67,12359.67,12361.33,0.14,16.25,16.4,2394.33,0.03,0.21,0.27,0.02,0.14
social_groups_avg,21111408_21111414,243792.0,37323.0,37366.0,243515.0,34091.33,34100.0,0.11,8.66,8.74,3212.33,0.05,0.14,0.23,0.04,0.11
social_groups_avg,21111408_21111420,494177.0,90065.0,90123.0,493774.67,84442.33,84460.33,0.11,6.24,6.28,5584.67,0.04,0.09,0.22,0.04,0.07
social_groups_avg,21111420_21111421,31007.0,7631.0,7624.0,31070.33,6115.0,6116.0,0.21,19.87,19.78,1515.0,0.01,0.09,0.36,0.01,0.08
social_groups_avg,21111420_21111423,82835.0,20676.0,20671.0,82691.33,18440.67,18444.67,0.17,10.81,10.77,2229.33,0.03,0.01,0.29,0.02,0.01
social_groups_avg,21111420_21111502,120171.0,27909.0,27912.0,117943.0,24797.33,24802.33,1.85,11.15,11.14,3104.33,0.02,0.02,2.64,0.02,0.01
social_groups_avg,21111420_21111508,284585.0,41386.0,41344.0,262686.33,35576.33,35582.33,7.69,14.04,13.94,5798.67,0.03,0.09,12.08,0.02,0.05
